GSE,Title,Suitability_tier,Suitability_score,Meth_array,Other_platforms,N_samples,Has_sex,Has_age,Has_tissue,Has_ancestry,Has_cell_composition,N_phenotype_fields,Phenotype_fields,N_char_fields,All_char_tags,Sex_field,Age_field,Tissue_field,Tissue_examples,Phenotype_examples,First_sample_source_name,Suitability_notes,PubMed,Submission_date,Last_update,Platform_GPLs,N_matrix_files
GSE111631,Genome wide DNA methylation profiling of normal saliva from females and males,Limited,3,EPIC (850K),,168,True,False,False,False,False,0,,5,molecule subtype | sample_plate | sentrix_position | sentrix_id | gender,gender,,,,,genomic DNA from saliva sample SLV1,no phenotype/exposure variable (demographic/reference only),29693419,Mar 09 2018,May 31 2020,GPL21145,1
GSE128821,Epigenome-wide analyis of neurobehavioral variation in preterm infants,Moderate,5,EPIC (850K),,542,True,False,False,False,False,25,subject status | pmid_38418845 | nnns profile | pp_prp | buccal_pma | class | site | bsi_0_2_3 | pmid_38358663 | baycogcb | bga | pmid_34507616 | bayccogcb | outborn | rid | rfid | riskmdb34 | rsite_birth | cld1 | rsite_ereg | sbi | epi | inf | (untagged) | rop,27,subject status | gender | pmid_38418845 | nnns profile | pp_prp | buccal_pma | class | site | bsi_0_2_3 | pmid_38358663 | baycogcb | bga | pmid_34507616 | bayccogcb | outborn | rid | plate | rfid | riskmdb34 | rsite_birth | cld1 | rsite_ereg | sbi | epi | inf | (untagged) | rop,gender,,,,subject status: infants born less than 30 weeks postmenstrual age (PMA) || pmid_38418845: 1; 0 || nnns profile: 2; 3; 4; 5 || pp_prp: 0.125; 0.0952380952380952; 0.291666666666667; 0.208333333333333,genomic DNA from buccal swab,clean single-array study with phenotype + covariates,31004082,Mar 25 2019,Feb 13 2026,GPL21145,1
GSE131433,Epigenome-wide Association study of individuals conceived by Assisted Reproduction Technologies at birth and adulthood,Moderate,5,EPIC (850K),,440,True,False,False,False,False,3,art status | art subtype | time of collection,5,gender | sample type | art status | art subtype | time of collection,gender,,,,art status: ART; non-ART || art subtype: Frozen embryo; NA; Fresh embryo; GIFT || time of collection: birth; adulthood,ART_Donor_1,clean single-array study with phenotype + covariates,31477727,May 17 2019,May 12 2023,GPL21145,1
GSE132181,Genome wide blood DNA methylation measured at birth and age 7 on the EPIC array,Strong,7,EPIC (850K),,392,True,True,True,True,True,2,gestationalage_birth | samplecollectionsite,9,tissue | age | methylationplatenumber | selfreportedrace | gestationalage_birth | Sex | samplecollectionsite | ancestry_pc1 | ancestry_pc2,Sex,age,tissue,Cord blood; PBMCs,gestationalage_birth: 39; 37; 40; 41 || samplecollectionsite: Baltimore; Boston; New York; St. Louis,Human cord blood at birth,clean single-array study with phenotype + covariates,,Jun 04 2019,Nov 14 2024,GPL21145,1
GSE132203,DNA Methylation (EPIC) from the Grady Trauma Project,Strong,6,EPIC (850K),,795,True,True,False,True,True,4,mergedcapsandpsswinthin30days | tei_total_types_experienced_somewitness | childabphyssexemot_ctq_01modandsev | neu,16,gender | age | race | mergedcapsandpsswinthin30days | tei_total_types_experienced_somewitness | childabphyssexemot_ctq_01modandsev | pc1 | pc2 | pc3 | cd8t | cd4t | nk | bcell | mono | neu | age acceleration,gender,age;age acceleration,,,mergedcapsandpsswinthin30days: 0; NA; 1 || tei_total_types_experienced_somewitness: 10; 4; 1; 9 || childabphyssexemot_ctq_01modandsev: 0; 1; NA || neu: 0.433208068; 0.599695891; 0.655035495; 0.527805456,Whole Blood,clean single-array study with phenotype + covariates,31737926,Jun 05 2019,May 14 2026,GPL21145,1
GSE142512,Longitudinal DNA methylation differences precede type 1 diabetes,Strong,6,450K+EPIC (850K),,395,True,True,True,False,False,3,subject id | disease time point | t1d status,6,subject id | disease time point | age | Sex | t1d status | tissue,Sex,age,tissue,peripheral blood sample,subject id: 00397-0; 00947-0; 00770-0; 00588-0 || disease time point: 4; 2; 3; 5 || t1d status: T1D case; T1D control,T1D case_Male_time point 4,mixed array generations (450K/EPIC/EPICv2),32111940,Dec 22 2019,May 31 2024,"GPL13534,GPL21145",2
GSE143157,Epigenome-Wide Association Study in multiple system atrophy (MSA),Strong,7,EPIC (850K),,156,True,True,True,False,True,5,pmi (hours) | condition | identifier | conversion | (untagged),10,sample type | Sex | age | pmi (hours) | condition | brain bank | identifier | tissue | conversion | (untagged),Sex,age,tissue,Brain,pmi (hours): 24; 83; 72; 62 || condition: CTRL; MSA || identifier: BBN_4581; BBN_20014; BBN_24200; BBN_16317 || conversion: oxBS; BS,Prefrontal cortex 1,clean single-array study with phenotype + covariates,32151281,Jan 06 2020,Mar 23 2020,GPL21145,1
GSE149412,Dioxin-like compound exposures and DNA methylation in the Anniston Community Health Survey Phase II,Moderate,4,EPIC (850K),,292,True,False,True,False,False,0,,2,Sex | tissue,Sex,,tissue,whole blood,,ACH0002,no phenotype/exposure variable (demographic/reference only),32629249,Apr 27 2020,Aug 02 2023,GPL21145,1
GSE158063,"Smaller stature in childhood following assisted reproductive technologies (ART) is not explained by parental or gestational factors, early childhood environment, or fetal DNA methylation [GUSTO_buffy_coat]",Strong,7,EPIC (850K),,915,True,True,True,True,False,2,art treatment status (0 = spontaneous; 1 = assisted reproduction) | pre-pregnancy bmi (kg/m^2),6,tissue | art treatment status (0 = spontaneous; 1 = assisted reproduction) | maternal age at delivery (years) | maternal ethnicity (0 = chinese; 1 = indian; 2 = malay) | child sex (male = 0; female = 1) | pre-pregnancy bmi (kg/m^2),child sex (male = 0; female = 1),maternal age at delivery (years),tissue,peripheral blood buffy coat,art treatment status (0 = spontaneous; 1 = assisted reproduction): 0; 1 || pre-pregnancy bmi (kg/m^2): NA; 17.3; 22.3; 23,peripheral blood buffy coat,clean single-array study with phenotype + covariates,34556649,Sep 16 2020,Oct 27 2021,GPL21145,1
GSE158064,"Smaller stature in childhood following assisted reproductive technologies (ART) is not explained by parental or gestational factors, early childhood environment, or fetal DNA methylation",Moderate,5,450K+EPIC (850K),,1934,True,True,True,True,False,2,art treatment status (0 = spontaneous; 1 = assisted reproduction) | pre-pregnancy bmi (kg/m^2),6,tissue | art treatment status (0 = spontaneous; 1 = assisted reproduction) | maternal age at delivery (years) | maternal ethnicity (0 = chinese; 1 = indian; 2 = malay) | child sex (male = 0; female = 1) | pre-pregnancy bmi (kg/m^2),child sex (male = 0; female = 1),maternal age at delivery (years),tissue,fetal cord tissue; peripheral blood buffy coat,art treatment status (0 = spontaneous; 1 = assisted reproduction): 0; 1 || pre-pregnancy bmi (kg/m^2): NA; 17.3; 22.3; 23,cord tissue,mixed array generations (450K/EPIC/EPICv2); very large (n=1934) — heavy for a tutorial,34556649,Sep 16 2020,Oct 27 2021,"GPL13534,GPL21145",2
GSE159930,Rare genetic variation at transcription factor binding site modulates local DNA methylation profiles,Moderate,5,EPIC (850K),,267,False,False,True,False,False,1,diagnosis,2,tissue | diagnosis,,,tissue,Blood; Heart,diagnosis: congenital heart defect,Blood,no sex field,33216750,Oct 23 2020,Nov 24 2020,GPL21145,1
GSE161476,A longitudinal and transancestral analysis of DNA methylation patterns and disease activity in lupus patients,Strong,7,EPIC (850K),,229,True,True,True,False,True,2,disease | sledai score,6,cell type | disease | Sex | age | ancestry | sledai score,Sex,age,cell type,Neutrophil,disease: Lupus || sledai score: 0; 4; 8; 12,Neutrophil DNA,clean single-array study with phenotype + covariates,33108347,Nov 13 2020,Dec 08 2020,GPL21145,1
GSE167885,Dataset for Placental Genomic and Epigenomic Signatures in Infants Borns at Extremely Low Gestational Age [DNA methylation],Strong,7,EPIC (850K),,411,True,True,True,False,False,2,birthweight (grams) | bmi (body mass index),5,tissue | birthweight (grams) | infant sex | mage (age of mother) (years) | bmi (body mass index),infant sex,mage (age of mother) (years),tissue,placenta,birthweight (grams): 986; 947; 761; 880 || bmi (body mass index): 22.4; NA; 20.8; 20.2,Placenta of infants born at low gestational age,clean single-array study with phenotype + covariates,35121757,Feb 28 2021,Feb 25 2022,GPL21145,1
GSE168739,Epigenome-Wide Association Study of COVID-19 Severity with Respiratory Failure,Strong,7,EPIC (850K),,407,True,True,True,False,False,2,disease state | individual id,5,disease state | individual id | age | gender | tissue,gender,age,tissue,whole blood,disease state: COVID-19 || individual id: Patient 1; Patient 2; Patient 3; Patient 4,Whole Blood,clean single-array study with phenotype + covariates,33867313,Mar 11 2021,May 05 2022,GPL21145,1
GSE171140,"Skeletal muscle DNA methylation profiles in young, healthy men and women before and after 4, 8 and 12 weeks of HIIT, or after a 4-week control period",Strong,7,EPIC (850K),,195,True,True,True,False,False,3,subject id | (untagged) | treatment/timepoint,6,age | subject id | Sex | (untagged) | treatment/timepoint | tissue,Sex,age,tissue,Vastus lateralis,subject id: GS22; GS34; GS2; GS48 || (untagged):  || treatment/timepoint: at baseline during second intervention; at baseline during first intervention; after 4 weeks of HIIT during second intervention; after 4 weeks of HIIT during first intervention,"Vastus lateralis, at baseline, from individual GS2, Rep1",clean single-array study with phenotype + covariates,,Mar 30 2021,Apr 02 2021,GPL21145,1
GSE172365,Multi-omics co-localization with genome-wide association studies reveals a context-specific genetic mechanism at a childhood onset asthma risk locus [Methylation array],Strong,6,EPIC (850K),,206,True,True,False,True,False,14,sample_id | treatment | crs | asthma | steroid | smoking | dna_concentration | surgical_date | initial_culture_days | cryo_days | cryo_date | ppg_culture_start | cell_culture_harvest_after_rv_treatment | array,18,sample_id | treatment | crs | asthma | steroid | smoking | gender | ethnicity | age | dna_concentration | surgical_date | initial_culture_days | cryo_days | cryo_date | ppg_culture_start | cell_culture_harvest_after_rv_treatment | array | sentrix_id,gender,age,,,sample_id: 76b3_439a-1A; 76b3_439a-2A; db6c_413d-1A; db6c_413d-2A || treatment: RV; vehicle || crs: CRS; nonCRS || asthma: No; Active.Prior,Cultred airway epithelial cells,clean single-array study with phenotype + covariates,34629083,Apr 19 2021,Nov 03 2021,GPL21145,1
GSE172368,Multi-omics co-localization with genome-wide association studies reveals a context-specific genetic mechanism at a childhood onset asthma risk locus,Moderate,5,EPIC (850K),GPL16791,396,True,True,False,True,False,38,sample.id | treatment | atopy | asthma | steroids | steroid.binary | smoking | crs | tech | rin | bioanalyzer.average.fragment.length.bp | rna.pool | surgeon | nm_pcr | rna.concentration.ng.ul | days.initial.culture | days.ln2 | day.experimental.culture.time | anc.pca1 | anc.pca2 | anc.pca3 | anc.pca4 | anc.pca5 | anc.pca6 | anc.pca7 | anc.pca8 | anc.pca9 | anc.pca10 | sample_id | steroid | dna_concentration | surgical_date | initial_culture_days | cryo_days | cryo_date | ppg_culture_start | cell_culture_harvest_after_rv_treatment | array,45,sample.id | rna.extraction.batch | treatment | gender | atopy | asthma | steroids | steroid.binary | smoking | crs | tech | qpcr.batch | rin | bioanalyzer.average.fragment.length.bp | age | rna.pool | flowcell.lane | surgeon | nm_pcr | rna.concentration.ng.ul | days.initial.culture | days.ln2 | day.experimental.culture.time | anc.pca1 | anc.pca2 | anc.pca3 | anc.pca4 | anc.pca5 | anc.pca6 | anc.pca7 | anc.pca8 | anc.pca9 | anc.pca10 | sample_id | steroid | ethnicity | dna_concentration | surgical_date | initial_culture_days | cryo_days | cryo_date | ppg_culture_start | cell_culture_harvest_after_rv_treatment | array | sentrix_id,gender,age,,,sample.id: 76b3_439a-1A; 76b3_439a-2A; db6c_413d-1A; db6c_413d-2A || treatment: RV; vehicle || atopy: No; Yes; NA || asthma: No; Active.Prior,Cultured airway epithelial cells (basal cells),multi-omic super-series (methylation + sequencing),34629083,Apr 19 2021,Nov 03 2021,"GPL16791,GPL21145",2
GSE175458,Functional Validation of Common Idiopathic Pulmonary Fibrosis Genetic Risk Variants [850k methylation arrays],Strong,7,EPIC (850K),,547,True,True,True,True,False,5,center | dx | case_control_status | methylationid | smoking_ever_never,11,tissue | center | dx | case_control_status | methylationid | methylation_well | age | Sex | race | ethnicity | smoking_ever_never,Sex,age,tissue,lung,center: Pittsburgh Lung Donor Core; UCSF; Vanderbilt; National Jewish || dx: normal; ipf; other; control || case_control_status: control; case || methylationid: 201113990020_R01C01; 201113990020_R02C01; 201113990020_R03C01; 201113990020_R04C01,tissue-Explant,clean single-array study with phenotype + covariates,35816432,May 24 2021,Sep 30 2022,GPL21145,1
GSE175459,Functional Validation of Common Idiopathic Pulmonary Fibrosis Genetic Risk Variants,Strong,6,EPIC (850K),GPL24676,969,True,True,True,True,False,7,center | dx | case_control_status | methylationid | smoking_ever_never | rnaseqid | raw data disclaimer,13,tissue | center | dx | case_control_status | methylationid | methylation_well | age | Sex | race | ethnicity | smoking_ever_never | rnaseqid | raw data disclaimer,Sex,age,tissue,lung,center: Pittsburgh Lung Donor Core; UCSF; Vanderbilt; National Jewish || dx: normal; ipf; other; control || case_control_status: control; case || methylationid: 201113990020_R01C01; 201113990020_R02C01; 201113990020_R03C01; 201113990020_R04C01,tissue-Explant,multi-omic super-series (methylation + sequencing),35816432,May 24 2021,Sep 30 2022,"GPL21145,GPL24676",2
GSE178809,Airway Aging and Methylation Disruptions in HIV-associated Chronic Obstructive Pulmonary Disease,Moderate,4,EPIC (850K),GPL24676,152,False,False,True,False,False,2,copd | copd_status,3,copd | tissue | copd_status,,,tissue,Bronchial epithelium,copd: N; Y || copd_status: N; Y,Bronchial epithelium,multi-omic super-series (methylation + sequencing); no sex field,35426765,Jun 24 2021,Jun 17 2022,"GPL21145,GPL24676",2
GSE179325,COVID-19 DNA methylation analysis,Strong,7,EPIC (850K),,574,True,True,True,False,False,3,subject status | cohort | disease state,6,subject status | age | gender | cohort | disease state | tissue/cell type,gender,age,tissue/cell type,Whole Blood,subject status: SARS-CoV-2 positive individual; SARS-CoV-2 negative individual || cohort: Discovery; Validation || disease state: SEVERE; MILD; NEGATIVE,Discovery_SEVERE_whole Blood,clean single-array study with phenotype + covariates,35933486,Jul 02 2021,Aug 24 2022,GPL21145,1
GSE184269,Specification of human immune cell epigenetic identity by combinations of transcription factors (MethylationEPIC),Strong,6,EPIC (850K),,167,True,True,False,False,False,1,donor id,3,donor id | age | Sex,Sex,age,,,donor id: GT001; GT002; GT003; GT004,Whole Blood,clean single-array study with phenotype + covariates,34706222,Sep 16 2021,Sep 27 2023,GPL21145,1
GSE191082,Specific methylation marks in promoter regions are associated to the pathogenic process of Chronic Chagas disease Cardiomyopathy by modifying transcription factor binding patterns [methylation],Moderate,5,EPIC (850K),,158,False,False,True,False,False,1,group,2,group | tissue,,,tissue,Left ventricular wall; Blood,group: non-chagasic control; chronic chagasic cardiomyopathy; chronic chagasic cardiomyopathy sample,Heart,no sex field,36072583,Dec 16 2021,Oct 28 2022,GPL21145,1
GSE191083,Specific methylation marks in promoter regions are associated to the pathogenic process of Chronic Chagas disease Cardiomyopathy by modifying transcription factor binding patterns,Moderate,4,EPIC (850K),GPL24676,180,False,False,True,False,False,1,group,2,group | tissue,,,tissue,Left ventricular wall; Blood,group: non-chagasic control; chronic chagasic cardiomyopathy; chronic chagasic cardiomyopathy sample; dilated cardiomyopathy,Heart,multi-omic super-series (methylation + sequencing); no sex field,36072583,Dec 16 2021,Oct 28 2022,"GPL21145,GPL24676",2
GSE191331,Longitudinal multi-omics analysis identifies early blood-based predictors of anti-TNF therapy response in inflammatory bowel disease,Limited,3,EPIC (850K),GPL20301,286,False,False,False,False,False,7,patient | cohort | treatment | remission at week 14 | time point | diagnosis | timepoint,7,patient | cohort | treatment | remission at week 14 | time point | diagnosis | timepoint,,,,,patient: 28; 29; 23; 13 || cohort: Discovery - Infliximab; Discovery - Vedolizumab; Replication; Discovery-Infliximab || treatment: Infliximab; Vedolizumab; Adalimumab || remission at week 14: Non-remission; Remission,Peripheral Whole-Blood,multi-omic super-series (methylation + sequencing); no sex field,36153599,Dec 20 2021,Dec 13 2024,"GPL20301,GPL21145",2
GSE195595,Epigenome wide DNA methylation profile of neonatal blood spots from the Archives for Research on Child Health (ARCH) cohort,Moderate,4,EPIC (850K),,152,True,False,True,False,False,0,,3,infant sex | tissue | arch id,infant sex,,tissue,neonatal blood spot,,neontatal bloodspot 1,no phenotype/exposure variable (demographic/reference only),38507935,Jan 27 2022,Nov 06 2024,GPL21145,1
GSE197305,Cortex DNA methylation profiles for the Brains for Dementia research cohort,Moderate,4,EPIC (850K),,1221,True,False,True,False,True,0,,7,developmental stage | tissue | brain region | gender | cell proportion double negative | cell proportion neun+ | cell proportion sox10+,gender,,developmental stage;tissue;brain region,adult; brain; Prefrontal; Occipital,,203205080152_R02C01,no phenotype/exposure variable (demographic/reference only),35995800,Feb 23 2022,Sep 30 2024,GPL21145,1
GSE199591,Role of epigenetics in the clinical evolution of COVID-19 disease. Epigenome-wide association study identifies markers of severe outcome.,Strong,7,EPIC (850K),,187,True,True,True,False,False,1,clinical evolution,4,tissue | Sex | age | clinical evolution,Sex,age,tissue,Whole_Blood,clinical evolution: Mild; Severe,Mild,clean single-array study with phenotype + covariates,36800980,Mar 28 2022,May 31 2023,GPL21145,1
GSE201754,Methylome and transcriptome profiling of giant cell arteritis monocytes reveals novel pathways involved in disease pathogenesis and molecular response to glucocorticoids,Strong,6,EPIC (850K),GPL16791,224,True,True,True,False,False,2,classification | (untagged),8,tissue | cell line | cell type | classification | Sex | age | sorter day | (untagged),Sex,age,tissue;cell line;cell type,Whole blood; CD14+ Monocytes; Monocytes,classification: RNT; RT; HD; ACT || (untagged): ,Whole blood,multi-omic super-series (methylation + sequencing),35705375,Apr 27 2022,Sep 27 2022,"GPL16791,GPL21145",2
GSE210435,TET2 Mutant Clonal Hematopoiesis Enhances Severity of COVID-19 Related Cytokine Release Syndrome and is Associated with Increased Mortality.,Moderate,4,EPIC (850K),"GPL20301,GPL24676",363,False,False,True,False,False,5,disease state_1 | disease state_2 | (untagged) | disease state 1 | disease state 2,7,tissue | disease state_1 | disease state_2 | (untagged) | disease state 1 | disease state 2 | cell type,,,tissue;cell type,Peripheral blood mononuclear cells; Peripheral blood mononuclear cells,disease state_1: Clonal Hematopoiesis || disease state_2: COVID-19 || (untagged):  || disease state 1: Clonal hematopoiesis,Peripheral blood mononuclear cells,multi-omic super-series (methylation + sequencing); no sex field,39189614,Aug 03 2022,Feb 24 2025,"GPL20301,GPL21145,GPL24676",3
GSE210995,"HKU Gastric Intestinal Metaplasia study: Single-cell RNA sequencing, transcriptome and methylation profiling",Moderate,5,EPIC (850K),GPL24676,199,True,False,True,False,False,6,culture condition | subtype reclassification | (untagged) | copy number profile | sample subtype reclassification | long-term culture,8,tissue/cell type | gender | culture condition | subtype reclassification | (untagged) | copy number profile | sample subtype reclassification | long-term culture,gender,,tissue/cell type,Human IM organoid; Human normal gastric organoid; Human normal colon organoid,culture condition: Standard gastric organoid medium; Culture condition: Standard gastric organoid medium; Culture condition: Standard gastric organoid medium without Wnt-3A for 4 days; Culture condition: Standard intestinal organoid medium || subtype reclassification: Reclassify as IM organoid based on transcriptome data; Reclassify as normal gastric organoid based on transcriptome data || (untagged):  || copy number profile: with CNV,Human IM organoid,multi-omic super-series (methylation + sequencing),39572083,Aug 10 2022,Jan 14 2025,"GPL21145,GPL24676",2
GSE216906,Longitudinal DNA methylation profile of peripheral blood in women delivering preterm informs predictive biomarkers,Moderate,5,EPIC (850K),,162,True,False,False,False,False,2,disease state | timepoint,4,Sex | sample type | disease state | timepoint,Sex,,,,disease state: Term; Preterm || timepoint: Sampled during 11-14 weeks of gestation; Sampled during 18-20 weeks of gestation; Sampled during 26-28 weeks of gestation,genomic DNA from maternal peripheral blood,clean single-array study with phenotype + covariates,37345372,Oct 31 2022,Feb 18 2026,GPL21145,1
GSE217633,Effect of HIV infection and antiretroviral therapy initiation on genome-wide DNA methylation patterns.,Strong,7,EPIC (850K),,413,True,True,True,False,False,7,individual | treatment | week | hiv_rna | years_hiv | time | (untagged),10,individual | gender | age | treatment | week | tissue | hiv_rna | years_hiv | time | (untagged),gender,age,tissue,whole blood,individual: PT1; PT3; PT4; PT2 || treatment: NO; YES || week: 0; 96 || hiv_rna: 216674; 76042; 3195; 110227,PT1-preART,clean single-array study with phenotype + covariates,36640455,Nov 09 2022,Jan 18 2023,GPL21145,1
GSE219037,Methylation data to study immune response to SARS-CoV-2 virus infection in COVID-19 Health Action Response for Marines (CHARM) study,Strong,7,EPIC (850K),,553,True,True,True,True,False,6,biocollection id | participant id | sample collection time point (days since t0) | enrollment date t0 | group | (untagged),12,meth-plate | enrollment batch | biocollection id | participant id | sample collection time point (days since t0) | enrollment date t0 | gender | age | ethnicity | group | tissue | (untagged),gender,age,tissue,blood,biocollection id: 20_5002-T56; 20_5002-T91; 20_5039-T00; 20_5039-T42 || participant id: 5002; 5039; 5048; 5054 || sample collection time point (days since t0): 56; 91; 0; 42 || enrollment date t0: 05/12/2020; 08/11/2020; 05/19/2020; 07/14/2020,EDTA blood,clean single-array study with phenotype + covariates,36919946,Nov 29 2022,Jun 21 2023,GPL21145,1
GSE220622,A multi-omics approach unveils an association between subclinical atherosclerosis and epigenetic age acceleration mediated by systemic inflammation (Methylation),Strong,6,EPIC (850K),,391,True,True,False,False,False,1,pesa score,3,gender | age | pesa score,gender,age,,,pesa score: Generalized; Intermediate; No; Focal,PESA study participant SUAZ_001_meth_v1,clean single-array study with phenotype + covariates,37339167,Dec 09 2022,Jun 23 2023,GPL21145,1
GSE224124,Whole-Genome Methylation Profiling Reveals Regions Associated with Painful Temporomandibular Disorders and Active Recovery Processes,Moderate,5,EPIC (850K),,1107,True,False,False,False,True,4,smoke_status | recruite_site | sampleID | group,8,gender | smoke_status | recruite_site | pc1 | pc2 | pc3 | sampleID | group,gender,,,,smoke_status: never; current; former || recruite_site: 3; 2; 4; 1 || sampleID: 4357; 7661; 5866; 34452 || group: sHC; TMD; R_V1; R_V2,OPPERAI,clean single-array study with phenotype + covariates,38015635,Jan 31 2023,Apr 25 2024,GPL21145,1
GSE224339,DNA methylation dynamics during pregnancy,Limited,3,EPIC (850K),,239,False,False,True,False,False,0,,1,tissue,,,tissue,maternal blood 1; maternal blood 3; cord blood,,maternal blood 1,no phenotype/exposure variable (demographic/reference only); no sex field,37287456,Feb 02 2023,Sep 04 2023,GPL21145,1
GSE224363,Epigenetic analysis of psychosocial stress among mother-newborn dyads in the Democratic Republic of Congo (EAA),Strong,7,EPIC (850K),,356,True,True,True,False,False,13,birthweight | dyad | delivery mode | maternal alcohol | parity | general trauma | sexual trauma | war trauma | chronic stress | cohort | replicate | replicate id | dna methylation age,19,gender | tissue | age | birthweight | dyad | maternal age | delivery mode | maternal alcohol | parity | gestational age | general trauma | sexual trauma | war trauma | chronic stress | cohort | replicate | replicate id | dna methylation age | age acceleration,gender,age;maternal age;gestational age;age acceleration,tissue,baby_venous_blood; mother_venous_blood,birthweight: 3200; 3600; 3700; 4500 || dyad: C1; C25; C49; C89 || delivery mode: vaginal; caesarean section || maternal alcohol: No; Yes; NA,venous blood 1,clean single-array study with phenotype + covariates,37300821,Feb 02 2023,Sep 16 2025,GPL21145,1
GSE224364,Epigenetic analysis of psychosocial stress among mother-newborn dyads in the Democratic Republic of Congo (EWA reanalysis),Strong,7,EPIC (850K),,356,True,True,True,False,False,13,birthweight | dyad | delivery mode | maternal alcohol | parity | general trauma | sexual trauma | war trauma | chronic stress | cohort | replicate | replicate id | dna methylation age,19,gender | tissue | age | birthweight | dyad | maternal age | delivery mode | maternal alcohol | parity | gestational age | general trauma | sexual trauma | war trauma | chronic stress | cohort | replicate | replicate id | dna methylation age | age acceleration,gender,age;maternal age;gestational age;age acceleration,tissue,baby_venous_blood; mother_venous_blood,birthweight: 3200; 3600; 3700; 4500 || dyad: C1; C25; C49; C89 || delivery mode: vaginal; caesarean section || maternal alcohol: No; Yes; NA,venous blood 1,clean single-array study with phenotype + covariates,37300821,Feb 02 2023,Sep 16 2025,GPL21145,1
GSE224365,Epigenetic analysis of psychosocial stress among mother-newborn dyads in the Democratic Republic of Congo,Strong,7,EPIC (850K),,712,True,True,True,False,False,13,birthweight | dyad | delivery mode | maternal alcohol | parity | general trauma | sexual trauma | war trauma | chronic stress | cohort | replicate | replicate id | dna methylation age,19,gender | tissue | age | birthweight | dyad | maternal age | delivery mode | maternal alcohol | parity | gestational age | general trauma | sexual trauma | war trauma | chronic stress | cohort | replicate | replicate id | dna methylation age | age acceleration,gender,age;maternal age;gestational age;age acceleration,tissue,baby_venous_blood; mother_venous_blood,birthweight: 3200; 3600; 3700; 4500 || dyad: C1; C25; C49; C89 || delivery mode: vaginal; caesarean section || maternal alcohol: No; Yes; NA,venous blood 1,clean single-array study with phenotype + covariates,37300821,Feb 02 2023,Sep 16 2025,GPL21145,1
GSE224624,A multi-omics approach unveils an association between subclinical atherosclerosis and epigenetic age acceleration mediated by systemic inflammation,Strong,6,EPIC (850K),GPL16791,782,True,True,True,False,False,1,pesa score,4,tissue | gender | age | pesa score,gender,age,tissue,WBS,pesa score: Generalized; Intermediate; No; Focal,WBS,multi-omic super-series (methylation + sequencing),37339167,Feb 06 2023,Jun 23 2023,"GPL16791,GPL21145",2
GSE226085,Epigenetic signatures of intergenerational exposure to violence during pregnancy,Strong,6,EPIC (850K),,160,True,True,False,False,True,15,individual | generation | nuclear family | extended family | included in final analytical sample | replicate | replicate id | serial number | violence trauma | conflict exposed to | generation of conflict exposure | material deprivation | socioeconomic status | arabic family food security scale | birth order,21,gender | epithelial cell proportion | individual | age | generation | nuclear family | extended family | passed methylation quality control | included in final analytical sample | replicate | replicate id | serial number | plate | slide | violence trauma | conflict exposed to | generation of conflict exposure | material deprivation | socioeconomic status | arabic family food security scale | birth order,gender,age,,,individual: 2-9-F3-2-F; 2-9-F3-1-M; 2-9-F2-M; 3-1-F2-F || generation: F3_Index_Child; F3_Sibling; NA; F2_Mother || nuclear family: 28; 29; 40; 47 || extended family: 28; 29; 40; 47,buccal swab 36,clean single-array study with phenotype + covariates,40016245,Feb 24 2023,Sep 16 2025,GPL21145,1
GSE227809,Temporal Genomics Mechanisms Underlying Disease and Aging [DNA Methylation],Strong,7,EPIC (850K),,182,True,True,True,False,False,3,ela status | session | time,6,cell type | Sex | age | ela status | session | time,Sex,age,cell type,PBMC,ela status: ELA; Control || session: No-stress; Stress || time: T1; T3; T4; T2,"Participant 1, No-stress session, Time 1",clean single-array study with phenotype + covariates,37393564,Mar 21 2023,Jul 17 2023,GPL21145,1
GSE227815,Temporal Genomics Mechanisms Underlying Disease and Aging,Strong,6,EPIC (850K),GPL24676,403,True,True,True,False,False,3,ela status | session | time,6,cell type | Sex | age | ela status | session | time,Sex,age,cell type,PBMC,ela status: ELA; Control || session: No-stress; Stress || time: T1; T3; T4; T2,"Participant 1, No-stress session, Time 1",multi-omic super-series (methylation + sequencing),37393564,Mar 21 2023,Jul 17 2023,"GPL21145,GPL24676",2
GSE230446,"Methylation Array Data From PBMC Cell Lineages Derived From Control, At-Risk and Early RA Patients",Limited,3,EPIC (850K),,382,True,False,False,False,False,0,,2,assay | gender,gender,,,,,"Patient 41, Sample 39 B cells",no phenotype/exposure variable (demographic/reference only),37993439,Apr 24 2023,Dec 08 2023,GPL21145,1
GSE230652,Epigenome-wide association study of diabetic chronic kidney disease progression,Moderate,5,EPIC (850K),,180,False,False,True,False,False,1,ckd,2,ckd | tissue,,,tissue,whole blood,ckd: progression; non-progression,whole blood,no sex field,37210443,Apr 26 2023,May 22 2023,GPL21145,1
GSE234461,Epigenetics of Yakutia and Central Russia regions,Moderate,5,EPIC (850K),,245,True,True,True,False,False,0,,4,sample type | age | Sex | region,Sex,age,region,Central; Yakutia,,Whole Blood,no phenotype/exposure variable (demographic/reference only),38053163,Jun 08 2023,Jan 27 2026,GPL21145,1
GSE240155,Characterization of DNA methylation changes induced by albuterol in airway epithelial cultures,Moderate,5,EPIC (850K),,200,False,False,True,False,False,3,pair | phase | treatment,5,pair | phase | cell type | treatment | quality control,,,cell type,NEC,pair: ID1; ID2; ID3; ID4 || phase: Discovery || treatment: cctrl; csalb,Nasal Epithelial Cells after chronic stimulation with mock solution,no sex field,37784136,Aug 04 2023,Oct 19 2023,GPL21145,1
GSE249113,Dexamethasone-stimulated DNA methylation in peripheral blood,Strong,6,EPIC (850K),,398,True,True,False,False,True,4,diagnosis | bmi | snp based principle component 1 | snp based principle component 2,12,diagnosis | Sex | age | bmi | cellcount-mono | cellcount-gran | cellcount-cd8t | cellcount-cd4t | cellcount-nk | cellcount-bcell | snp based principle component 1 | snp based principle component 2,Sex,age,,,diagnosis: case; control || bmi: 23.84; 30.47; 20.66; 25.66 || snp based principle component 1: 0.0101986; 0.00668386; -0.00659819; -0.00331079 || snp based principle component 2: 0.0105386; -2.68075e-05; -0.0143046; 0.0322292,whole blood,clean single-array study with phenotype + covariates,39393618,Nov 30 2023,May 08 2025,GPL21145,1
GSE251786,Sex-specific and multiomic integration enhance accuracy of peripheral blood biomarkers of major depressive disorder,Moderate,5,EPIC (850K),"GPL18573,GPL20301,GPL24676",470,True,False,True,False,False,1,group,3,tissue | group | Sex,Sex,,tissue,Whole blood,group: Control; MDD,Whole blood,multi-omic super-series (methylation + sequencing),39914267,Dec 21 2023,Mar 17 2025,"GPL18573,GPL20301,GPL21145,GPL24676",4
GSE254135,Longitudinal prediction of DNA methylation to forecast epigenetic outcomes,Moderate,4,EPIC (850K),,1051,False,True,True,False,False,0,,2,tissue | age(month),,age(month),tissue,buccal swab,,buccal swab 1,no phenotype/exposure variable (demographic/reference only); no sex field,40267756,Jan 24 2024,May 15 2025,GPL21145,1
GSE256394,Somatic mutations and DNA methylation identify a subgroup of poor prognosis within lower risk myelodysplastic syndromes [array],Moderate,5,EPIC (850K),,182,True,False,False,False,False,4,disease | progression | mdsdiag | genotype,6,disease | progression | mdsdiag | genotype | gender | methyl batch,gender,,,,disease: LR-MDS; Healthy control || progression: MDSp; MDS; CTRL || mdsdiag: 5q-Syndrome; RCMD; RAEB-1; RARS || genotype: SF3B1 WT SRSF2 WT U2AF1 WT; SF3B1 MUT SRSF2 WT U2AF1 WT; SF3B1 WT SRSF2 MUT U2AF1 WT; SF3B1 WT SRSF2 WT U2AF1 MUT,Bone marrow,clean single-array study with phenotype + covariates,39850648,Feb 22 2024,Jan 30 2025,GPL21145,1
GSE256396,Somatic mutations and DNA methylation identify a subgroup of poor prognosis within lower risk myelodysplastic syndromes,Moderate,5,EPIC (850K),GPL21697,374,True,False,True,False,False,4,disease | progression | mdsdiag | genotype,8,disease | progression | mdsdiag | genotype | gender | methyl batch | tissue | cell line,gender,,tissue;cell line,Bone marrow; CD34+,disease: LR-MDS; Healthy control || progression: MDSp; MDS; CTRL; NA || mdsdiag: 5q-Syndrome; RCMD; RAEB-1; RARS || genotype: SF3B1 WT SRSF2 WT U2AF1 WT; SF3B1 MUT SRSF2 WT U2AF1 WT; SF3B1 WT SRSF2 MUT U2AF1 WT; SF3B1 WT SRSF2 WT U2AF1 MUT,Bone marrow,multi-omic super-series (methylation + sequencing),39850648,Feb 22 2024,Jan 30 2025,"GPL21145,GPL21697",2
GSE263787,Epigenetic heterogeneity hotspots in human liver disease progression [MethylationEPIC Beadchip],Limited,3,EPIC (850K),,298,False,False,True,False,False,0,,2,tissue type | tissue,,,tissue type;tissue,Normal; Disease; liver,,Normal liver tissue,no phenotype/exposure variable (demographic/reference only); no sex field,39028883,Apr 11 2024,Apr 15 2026,GPL21145,1
GSE269416,Diagnostic Utility of DNA Methylation Analysis in Genetically Unsolved Pediatric Epilepsies and CHD2 Episignature Refinement,Moderate,5,EPIC (850K),,290,False,False,True,False,False,1,genotype,3,tissue | genotype | library name,,,tissue,peripheral blood; saliva; fibroblast,genotype: Proband_Unsolved; Proband_Solved,peripheral blood,no sex field,39107278,Jun 08 2024,Aug 07 2024,GPL21145,1
GSE272800,Systems Biology to Identify Biomarkers of Neonatal Vaccine Immunogenicity [methylation],Strong,6,EPIC (850K),,1350,True,False,True,True,False,1,treatment,6,Sex | race | ethnicity | tissue | cell type | treatment,Sex,,tissue;cell type,Blood; Whole blood,treatment: BCG D1; HBV + BCG D1; BCG D3; BCG D7,Blood,clean single-array study with phenotype + covariates,39289350,Jul 22 2024,May 19 2026,GPL21145,1
GSE273970,Genome-wide DNA methylation profile of blood samples from patients with major depressive disorder.,Strong,6,EPIC (850K),,283,True,True,False,False,False,1,disease state,4,disease state | Sex | age bracket | blood sample id,Sex,age bracket,,,disease state: major depressive disorder; normal,blood sample of patient with major depressive disorder,clean single-array study with phenotype + covariates,40174930,Aug 05 2024,Apr 17 2025,GPL21145,1
GSE280206,Raw data for: Epigenetic Age and Long-Term Cancer Risk Following a Stroke,Moderate,5,450K+EPIC (850K),,648,True,False,True,False,False,1,incident_cancer,3,tissue | Sex | incident_cancer,Sex,,tissue,Blood DNA,incident_cancer: no; yes,Blood DNA,mixed array generations (450K/EPIC/EPICv2),39578904,Oct 24 2024,Feb 18 2025,"GPL13534,GPL21145",2
GSE283506,Sex Differences in Epigenetic Ageing for Older People Living with HIV,Strong,6,EPIC (850K),,158,True,False,True,False,False,2,disease state | chronological age,4,Sex | cell type | disease state | chronological age,Sex,,cell type,Blood,disease state: HIV || chronological age: 55; 59; 58; 56,Blood,clean single-array study with phenotype + covariates,39923742,Dec 04 2024,Mar 06 2025,GPL21145,1
GSE284764,Epigenome-Wide Association Study of the Interaction between Alzheimer’s disease and Systemic Infection,Strong,7,EPIC (850K),,242,True,True,True,False,True,3,post-mortem delay | braak stage | ad diagnosis,7,tissue | brain bank | post-mortem delay | braak stage | age | Sex | ad diagnosis,Sex,age,tissue,Prefrontal Cortex,post-mortem delay: 10; 71; 40; 47 || braak stage: 2; 6; 3; 5 || ad diagnosis: Ctl; AD,Prefrontal Cortex,clean single-array study with phenotype + covariates,40166175,Dec 19 2024,Mar 13 2026,GPL21145,1
GSE286347,High-resolution whole-genome DNA methylation revealed unique signatures of painful diabetic neuropathy,Strong,6,EPIC (850K),,315,True,False,True,False,False,1,phenotype,3,tissue | Sex | phenotype,Sex,,tissue,Blood WB,phenotype: control; painful diabetic neuropathy; painles diabetic neuropathy,Blood WB,clean single-array study with phenotype + covariates,39847262,Jan 10 2025,Feb 21 2026,GPL21145,1
GSE287994,DNA METHYLATION SIGNATURES OF CERVICAL PRE-INVASIVE AND INVASIVE DISEASE: AN EPIGENOME-WIDE ASSOCIATION STUDY,Strong,6,EPIC (850K),,241,True,False,True,False,False,2,case.status | hpv.status,4,Sex | case.status | hpv.status | cell type,Sex,,cell type,Benign cervical sample; CIN3 or Cancer sample,case.status: 0; 1 || hpv.status: 1; 0,Benign cervical sample,clean single-array study with phenotype + covariates,40065506,Jan 24 2025,May 22 2025,GPL21145,1
GSE301735,Circulating Epigenetic Signatures Classifying Brain Insulin Resistance in humans [1],Strong,6,EPIC (850K),,200,True,False,True,False,False,1,disease_state,3,Sex | disease_state | tissue,Sex,,tissue,Blood cells,disease_state: BIR; BIS,Blood cells,clean single-array study with phenotype + covariates,40768600,Jul 07 2025,Apr 13 2026,GPL21145,1
GSE301739,Circulating Epigenetic Signatures Classifying Brain Insulin Resistance in humans,Moderate,5,EPIC (850K)+EPIC v2,,224,True,False,True,False,False,1,disease_state,3,Sex | disease_state | tissue,Sex,,tissue,Blood cells,disease_state: BIR; BIS,Blood cells,mixed array generations (450K/EPIC/EPICv2),40768600,Jul 07 2025,Apr 09 2026,"GPL21145,GPL33022",2
GSE305174,Epigenome-wide association study of blood DNA methylation and markers of physical performance indicates subtle differences across levels of cardiovascular fitness,Moderate,5,EPIC (850K),,366,True,True,True,False,False,0,,3,tissue | Sex | age,Sex,age,tissue,Whole blood,,Whole blood,no phenotype/exposure variable (demographic/reference only),42064556,Aug 11 2025,May 07 2026,GPL21145,1
GSE305883,DNA Methylation profiles of self-reported Hispanic subjects in the Northern Manhattan Study,Limited,3,EPIC (850K),,322,False,False,True,False,False,0,,4,tissue | batch | sample_plate | sentrix_id,,,tissue,Blood,,Blood,no phenotype/exposure variable (demographic/reference only); no sex field,41462362,Aug 19 2025,Feb 24 2026,GPL21145,1
GSE309790,Aberrant DNA Methylation Underlying Prenatal Exposures and Increased Newborn and Childhood Adiposity,Limited,3,EPIC (850K),,3129,True,False,True,False,False,0,,4,Sex | tissue | developmental stage | cell type,Sex,,tissue;developmental stage;cell type,cord clood; newborn; whole blood cells,,newborn cordblood,very large (n=3129) — heavy for a tutorial; no phenotype/exposure variable (demographic/reference only),39165088,Nov 13 2025,May 21 2026,GPL21145,1
GSE314180,Integrative analysis of DNA methylation and inflammatory protein biomarkers in hypertension,Limited,3,EPIC (850K),,218,False,False,True,False,False,0,,1,cell type,,,cell type,leukocyte,,leukocyte,no phenotype/exposure variable (demographic/reference only); no sex field,41756286,Dec 17 2025,Mar 05 2026,GPL21145,1
GSE315764,Stratifying High-Risk Prediabetes Clusters Using Blood-Based Epigenetic Markers,Moderate,5,EPIC (850K)+EPIC v2,,333,True,False,True,False,False,1,disease_state,3,Sex | disease_state | tissue,Sex,,tissue,Blood cells,disease_state: C2; C6; C5; C3,Blood cells,mixed array generations (450K/EPIC/EPICv2),41547928,Jan 06 2026,Jan 29 2026,"GPL21145,GPL33022",2
GSE318173,"Epigenome‐wide association study, meta‐analysis, and multiscore profiling of whole blood in Parkinson's disease",Strong,6,EPIC (850K),,559,True,True,False,False,False,2,is_technical_replicate | disease_status,7,amp_plate | slide | slide_position | is_technical_replicate | Sex | age | disease_status,Sex,age,,,is_technical_replicate: N || disease_status: CONTR; PD,whole_blood,clean single-array study with phenotype + covariates,39907161,Jan 30 2026,May 06 2026,GPL21145,1
