"GSE","N_series","Title","Phenotypes","N_phenotypes","Suitability_tier","Suitability_score","Meth_array","N_samples","Has_sex","Has_age","Has_ancestry","Has_cell_composition","PubMed","Suitability_notes","Other_platforms","Has_tissue","N_phenotype_fields","Phenotype_fields","N_char_fields","All_char_tags","Sex_field","Age_field","Tissue_field","Tissue_examples","First_sample_source_name","Submission_date","Last_update","Platform_GPLs","N_matrix_files"
"GSE158063, GSE158064",2,"Smaller stature in childhood following assisted reproductive technologies (ART) is not explained by parental or gestational factors, early childhood environment, or fetal DNA methylation [GUSTO_buffy_coat]","art treatment status, pre-pregnancy bmi (kg/m^2)",2,"Strong",7,"EPIC (850K)","915, 1934","True","True","True","False",34556649,"clean single-array study with phenotype + covariates","","True",2,"art treatment status (0 = spontaneous; 1 = assisted reproduction) | pre-pregnancy bmi (kg/m^2)",6,"tissue | art treatment status (0 = spontaneous; 1 = assisted reproduction) | maternal age at delivery (years) | maternal ethnicity (0 = chinese; 1 = indian; 2 = malay) | child sex (male = 0; female = 1) | pre-pregnancy bmi (kg/m^2)","child sex (male = 0; female = 1)","maternal age at delivery (years)","tissue","peripheral blood buffy coat","peripheral blood buffy coat","Sep 16 2020","Oct 27 2021","GPL21145",1
"GSE224365, GSE224363, GSE224364",3,"Epigenetic analysis of psychosocial stress among mother-newborn dyads in the Democratic Republic of Congo","birthweight, delivery mode, maternal alcohol, parity, general trauma, sexual trauma, war trauma, chronic stress, cohort",9,"Strong",7,"EPIC (850K)","712, 356, 356","True","True","False","False",37300821,"clean single-array study with phenotype + covariates","","True",13,"birthweight | dyad | delivery mode | maternal alcohol | parity | general trauma | sexual trauma | war trauma | chronic stress | cohort | replicate | replicate id | dna methylation age",19,"gender | tissue | age | birthweight | dyad | maternal age | delivery mode | maternal alcohol | parity | gestational age | general trauma | sexual trauma | war trauma | chronic stress | cohort | replicate | replicate id | dna methylation age | age acceleration","gender","age;maternal age;gestational age;age acceleration","tissue","baby_venous_blood; mother_venous_blood","venous blood 1","Feb 02 2023","Sep 16 2025","GPL21145",1
"GSE179325",1,"COVID-19 DNA methylation analysis","subject status, cohort, disease state",3,"Strong",7,"EPIC (850K)","574","True","True","False","False",35933486,"clean single-array study with phenotype + covariates","","True",3,"subject status | cohort | disease state",6,"subject status | age | gender | cohort | disease state | tissue/cell type","gender","age","tissue/cell type","Whole Blood","Discovery_SEVERE_whole Blood","Jul 02 2021","Aug 24 2022","GPL21145",1
"GSE219037",1,"Methylation data to study immune response to SARS-CoV-2 virus infection in COVID-19 Health Action Response for Marines (CHARM) study","sample collection time point (days since t0), group",2,"Strong",7,"EPIC (850K)","553","True","True","True","False",36919946,"clean single-array study with phenotype + covariates","","True",6,"biocollection id | participant id | sample collection time point (days since t0) | enrollment date t0 | group | (untagged)",12,"meth-plate | enrollment batch | biocollection id | participant id | sample collection time point (days since t0) | enrollment date t0 | gender | age | ethnicity | group | tissue | (untagged)","gender","age","tissue","blood","EDTA blood","Nov 29 2022","Jun 21 2023","GPL21145",1
"GSE175458, GSE175459",2,"Functional Validation of Common Idiopathic Pulmonary Fibrosis Genetic Risk Variants [850k methylation arrays]","dx, case_control_status, smoking_ever_never",3,"Strong",7,"EPIC (850K)","547, 969","True","True","True","False",35816432,"clean single-array study with phenotype + covariates","","True",5,"center | dx | case_control_status | methylationid | smoking_ever_never",11,"tissue | center | dx | case_control_status | methylationid | methylation_well | age | Sex | race | ethnicity | smoking_ever_never","Sex","age","tissue","lung","tissue-Explant","May 24 2021","Sep 30 2022","GPL21145",1
"GSE217633",1,"Effect of HIV infection and antiretroviral therapy initiation on genome-wide DNA methylation patterns.","treatment, week, hiv_rna, years_hiv, time",5,"Strong",7,"EPIC (850K)","413","True","True","False","False",36640455,"clean single-array study with phenotype + covariates","","True",7,"individual | treatment | week | hiv_rna | years_hiv | time | (untagged)",10,"individual | gender | age | treatment | week | tissue | hiv_rna | years_hiv | time | (untagged)","gender","age","tissue","whole blood","PT1-preART","Nov 09 2022","Jan 18 2023","GPL21145",1
"GSE167885",1,"Dataset for Placental Genomic and Epigenomic Signatures in Infants Borns at Extremely Low Gestational Age [DNA methylation]","birthweight (grams), bmi (body mass index)",2,"Strong",7,"EPIC (850K)","411","True","True","False","False",35121757,"clean single-array study with phenotype + covariates","","True",2,"birthweight (grams) | bmi (body mass index)",5,"tissue | birthweight (grams) | infant sex | mage (age of mother) (years) | bmi (body mass index)","infant sex","mage (age of mother) (years)","tissue","placenta","Placenta of infants born at low gestational age","Feb 28 2021","Feb 25 2022","GPL21145",1
"GSE168739",1,"Epigenome-Wide Association Study of COVID-19 Severity with Respiratory Failure","disease state",1,"Strong",7,"EPIC (850K)","407","True","True","False","False",33867313,"clean single-array study with phenotype + covariates","","True",2,"disease state | individual id",5,"disease state | individual id | age | gender | tissue","gender","age","tissue","whole blood","Whole Blood","Mar 11 2021","May 05 2022","GPL21145",1
"GSE132181",1,"Genome wide blood DNA methylation measured at birth and age 7 on the EPIC array","gestationalage_birth, samplecollectionsite",2,"Strong",7,"EPIC (850K)","392","True","True","True","True",,"clean single-array study with phenotype + covariates","","True",2,"gestationalage_birth | samplecollectionsite",9,"tissue | age | methylationplatenumber | selfreportedrace | gestationalage_birth | Sex | samplecollectionsite | ancestry_pc1 | ancestry_pc2","Sex","age","tissue","Cord blood; PBMCs","Human cord blood at birth","Jun 04 2019","Nov 14 2024","GPL21145",1
"GSE284764",1,"Epigenome-Wide Association Study of the Interaction between Alzheimer’s disease and Systemic Infection","post-mortem delay, braak stage, ad diagnosis",3,"Strong",7,"EPIC (850K)","242","True","True","False","True",40166175,"clean single-array study with phenotype + covariates","","True",3,"post-mortem delay | braak stage | ad diagnosis",7,"tissue | brain bank | post-mortem delay | braak stage | age | Sex | ad diagnosis","Sex","age","tissue","Prefrontal Cortex","Prefrontal Cortex","Dec 19 2024","Mar 13 2026","GPL21145",1
"GSE161476",1,"A longitudinal and transancestral analysis of DNA methylation patterns and disease activity in lupus patients","disease, sledai score",2,"Strong",7,"EPIC (850K)","229","True","True","False","True",33108347,"clean single-array study with phenotype + covariates","","True",2,"disease | sledai score",6,"cell type | disease | Sex | age | ancestry | sledai score","Sex","age","cell type","Neutrophil","Neutrophil DNA","Nov 13 2020","Dec 08 2020","GPL21145",1
"GSE171140",1,"Skeletal muscle DNA methylation profiles in young, healthy men and women before and after 4, 8 and 12 weeks of HIIT, or after a 4-week control period","treatment/timepoint",1,"Strong",7,"EPIC (850K)","195","True","True","False","False",,"clean single-array study with phenotype + covariates","","True",3,"subject id | (untagged) | treatment/timepoint",6,"age | subject id | Sex | (untagged) | treatment/timepoint | tissue","Sex","age","tissue","Vastus lateralis","Vastus lateralis, at baseline, from individual GS2, Rep1","Mar 30 2021","Apr 02 2021","GPL21145",1
"GSE199591",1,"Role of epigenetics in the clinical evolution of COVID-19 disease. Epigenome-wide association study identifies markers of severe outcome.","clinical evolution",1,"Strong",7,"EPIC (850K)","187","True","True","False","False",36800980,"clean single-array study with phenotype + covariates","","True",1,"clinical evolution",4,"tissue | Sex | age | clinical evolution","Sex","age","tissue","Whole_Blood","Mild","Mar 28 2022","May 31 2023","GPL21145",1
"GSE227809, GSE227815",2,"Temporal Genomics Mechanisms Underlying Disease and Aging [DNA Methylation]","ela status, time",2,"Strong",7,"EPIC (850K)","182, 403","True","True","False","False",37393564,"clean single-array study with phenotype + covariates","","True",3,"ela status | session | time",6,"cell type | Sex | age | ela status | session | time","Sex","age","cell type","PBMC","Participant 1, No-stress session, Time 1","Mar 21 2023","Jul 17 2023","GPL21145",1
"GSE143157",1,"Epigenome-Wide Association Study in multiple system atrophy (MSA)","pmi (hours), condition, conversion",3,"Strong",7,"EPIC (850K)","156","True","True","False","True",32151281,"clean single-array study with phenotype + covariates","","True",5,"pmi (hours) | condition | identifier | conversion | (untagged)",10,"sample type | Sex | age | pmi (hours) | condition | brain bank | identifier | tissue | conversion | (untagged)","Sex","age","tissue","Brain","Prefrontal cortex 1","Jan 06 2020","Mar 23 2020","GPL21145",1
"GSE272800",1,"Systems Biology to Identify Biomarkers of Neonatal Vaccine Immunogenicity [methylation]","treatment",1,"Strong",6,"EPIC (850K)","1350","True","False","True","False",39289350,"clean single-array study with phenotype + covariates","","True",1,"treatment",6,"Sex | race | ethnicity | tissue | cell type | treatment","Sex","","tissue;cell type","Blood; Whole blood","Blood","Jul 22 2024","May 19 2026","GPL21145",1
"GSE132203",1,"DNA Methylation (EPIC) from the Grady Trauma Project","PTSD, tei_total_types_experienced_somewitness, Childhood abuse",3,"Strong",6,"EPIC (850K)","795","True","True","True","True",31737926,"clean single-array study with phenotype + covariates","","False",4,"mergedcapsandpsswinthin30days | tei_total_types_experienced_somewitness | childabphyssexemot_ctq_01modandsev | neu",16,"gender | age | race | mergedcapsandpsswinthin30days | tei_total_types_experienced_somewitness | childabphyssexemot_ctq_01modandsev | pc1 | pc2 | pc3 | cd8t | cd4t | nk | bcell | mono | neu | age acceleration","gender","age;age acceleration","","","Whole Blood","Jun 05 2019","May 14 2026","GPL21145",1
"GSE224624, GSE220622",2,"A multi-omics approach unveils an association between subclinical atherosclerosis and epigenetic age acceleration mediated by systemic inflammation","pesa score",1,"Strong",6,"EPIC (850K)","782, 391","True","True","False","False",37339167,"multi-omic super-series (methylation + sequencing)","GPL16791","True",1,"pesa score",4,"tissue | gender | age | pesa score","gender","age","tissue","WBS","WBS","Feb 06 2023","Jun 23 2023","GPL16791,GPL21145",2
"GSE318173",1,"Epigenome‐wide association study, meta‐analysis, and multiscore profiling of whole blood in Parkinson's disease","disease_status",1,"Strong",6,"EPIC (850K)","559","True","True","False","False",39907161,"clean single-array study with phenotype + covariates","","False",2,"is_technical_replicate | disease_status",7,"amp_plate | slide | slide_position | is_technical_replicate | Sex | age | disease_status","Sex","age","","","whole_blood","Jan 30 2026","May 06 2026","GPL21145",1
"GSE249113",1,"Dexamethasone-stimulated DNA methylation in peripheral blood","diagnosis, bmi, snp based principle component 1, snp based principle component 2",4,"Strong",6,"EPIC (850K)","398","True","True","False","True",39393618,"clean single-array study with phenotype + covariates","","False",4,"diagnosis | bmi | snp based principle component 1 | snp based principle component 2",12,"diagnosis | Sex | age | bmi | cellcount-mono | cellcount-gran | cellcount-cd8t | cellcount-cd4t | cellcount-nk | cellcount-bcell | snp based principle component 1 | snp based principle component 2","Sex","age","","","whole blood","Nov 30 2023","May 08 2025","GPL21145",1
"GSE142512",1,"Longitudinal DNA methylation differences precede type 1 diabetes","disease time point, t1d status",2,"Strong",6,"450K+EPIC (850K)","395","True","True","False","False",32111940,"mixed array generations (450K/EPIC/EPICv2)","","True",3,"subject id | disease time point | t1d status",6,"subject id | disease time point | age | Sex | t1d status | tissue","Sex","age","tissue","peripheral blood sample","T1D case_Male_time point 4","Dec 22 2019","May 31 2024","GPL13534,GPL21145",2
"GSE286347",1,"High-resolution whole-genome DNA methylation revealed unique signatures of painful diabetic neuropathy","phenotype",1,"Strong",6,"EPIC (850K)","315","True","False","False","False",39847262,"clean single-array study with phenotype + covariates","","True",1,"phenotype",3,"tissue | Sex | phenotype","Sex","","tissue","Blood WB","Blood WB","Jan 10 2025","Feb 21 2026","GPL21145",1
"GSE273970",1,"Genome-wide DNA methylation profile of blood samples from patients with major depressive disorder.","disease state",1,"Strong",6,"EPIC (850K)","283","True","True","False","False",40174930,"clean single-array study with phenotype + covariates","","False",1,"disease state",4,"disease state | Sex | age bracket | blood sample id","Sex","age bracket","","","blood sample of patient with major depressive disorder","Aug 05 2024","Apr 17 2025","GPL21145",1
"GSE287994",1,"DNA METHYLATION SIGNATURES OF CERVICAL PRE-INVASIVE AND INVASIVE DISEASE: AN EPIGENOME-WIDE ASSOCIATION STUDY","case.status, hpv.status",2,"Strong",6,"EPIC (850K)","241","True","False","False","False",40065506,"clean single-array study with phenotype + covariates","","True",2,"case.status | hpv.status",4,"Sex | case.status | hpv.status | cell type","Sex","","cell type","Benign cervical sample; CIN3 or Cancer sample","Benign cervical sample","Jan 24 2025","May 22 2025","GPL21145",1
"GSE201754",1,"Methylome and transcriptome profiling of giant cell arteritis monocytes reveals novel pathways involved in disease pathogenesis and molecular response to glucocorticoids","classification",1,"Strong",6,"EPIC (850K)","224","True","True","False","False",35705375,"multi-omic super-series (methylation + sequencing)","GPL16791","True",2,"classification | (untagged)",8,"tissue | cell line | cell type | classification | Sex | age | sorter day | (untagged)","Sex","age","tissue;cell line;cell type","Whole blood; CD14+ Monocytes; Monocytes","Whole blood","Apr 27 2022","Sep 27 2022","GPL16791,GPL21145",2
"GSE172365, GSE172368",2,"Multi-omics co-localization with genome-wide association studies reveals a context-specific genetic mechanism at a childhood onset asthma risk locus [Methylation array]","treatment, crs, asthma, steroid, smoking, initial_culture_days, cryo_days, ppg_culture_start, cell_culture_harvest_after_rv_treatment",9,"Strong",6,"EPIC (850K)","206, 396","True","True","True","False",34629083,"clean single-array study with phenotype + covariates","","False",14,"sample_id | treatment | crs | asthma | steroid | smoking | dna_concentration | surgical_date | initial_culture_days | cryo_days | cryo_date | ppg_culture_start | cell_culture_harvest_after_rv_treatment | array",18,"sample_id | treatment | crs | asthma | steroid | smoking | gender | ethnicity | age | dna_concentration | surgical_date | initial_culture_days | cryo_days | cryo_date | ppg_culture_start | cell_culture_harvest_after_rv_treatment | array | sentrix_id","gender","age","","","Cultred airway epithelial cells","Apr 19 2021","Nov 03 2021","GPL21145",1
"GSE301735, GSE301739",2,"Circulating Epigenetic Signatures Classifying Brain Insulin Resistance in humans [1]","disease_state",1,"Strong",6,"EPIC (850K)","200, 224","True","False","False","False",40768600,"clean single-array study with phenotype + covariates","","True",1,"disease_state",3,"Sex | disease_state | tissue","Sex","","tissue","Blood cells","Blood cells","Jul 07 2025","Apr 13 2026","GPL21145",1
"GSE184269",1,"Specification of human immune cell epigenetic identity by combinations of transcription factors (MethylationEPIC)","",0,"Strong",6,"EPIC (850K)","167","True","True","False","False",34706222,"clean single-array study with phenotype + covariates","","False",1,"donor id",3,"donor id | age | Sex","Sex","age","","","Whole Blood","Sep 16 2021","Sep 27 2023","GPL21145",1
"GSE226085",1,"Epigenetic signatures of intergenerational exposure to violence during pregnancy","violence trauma, conflict exposed to, generation of conflict exposure, material deprivation, socioeconomic status, arabic family food security scale, birth order",7,"Strong",6,"EPIC (850K)","160","True","True","False","True",40016245,"clean single-array study with phenotype + covariates","","False",15,"individual | generation | nuclear family | extended family | included in final analytical sample | replicate | replicate id | serial number | violence trauma | conflict exposed to | generation of conflict exposure | material deprivation | socioeconomic status | arabic family food security scale | birth order",21,"gender | epithelial cell proportion | individual | age | generation | nuclear family | extended family | passed methylation quality control | included in final analytical sample | replicate | replicate id | serial number | plate | slide | violence trauma | conflict exposed to | generation of conflict exposure | material deprivation | socioeconomic status | arabic family food security scale | birth order","gender","age","","","buccal swab 36","Feb 24 2023","Sep 16 2025","GPL21145",1
"GSE283506",1,"Sex Differences in Epigenetic Ageing for Older People Living with HIV","disease state, chronological age",2,"Strong",6,"EPIC (850K)","158","True","False","False","False",39923742,"clean single-array study with phenotype + covariates","","True",2,"disease state | chronological age",4,"Sex | cell type | disease state | chronological age","Sex","","cell type","Blood","Blood","Dec 04 2024","Mar 06 2025","GPL21145",1
"GSE224124",1,"Whole-Genome Methylation Profiling Reveals Regions Associated with Painful Temporomandibular Disorders and Active Recovery Processes","smoke_status, group",2,"Moderate",5,"EPIC (850K)","1107","True","False","False","True",38015635,"clean single-array study with phenotype + covariates","","False",4,"smoke_status | recruite_site | sampleID | group",8,"gender | smoke_status | recruite_site | pc1 | pc2 | pc3 | sampleID | group","gender","","","","OPPERAI","Jan 31 2023","Apr 25 2024","GPL21145",1
"GSE280206",1,"Raw data for: Epigenetic Age and Long-Term Cancer Risk Following a Stroke","incident_cancer",1,"Moderate",5,"450K+EPIC (850K)","648","True","False","False","False",39578904,"mixed array generations (450K/EPIC/EPICv2)","","True",1,"incident_cancer",3,"tissue | Sex | incident_cancer","Sex","","tissue","Blood DNA","Blood DNA","Oct 24 2024","Feb 18 2025","GPL13534,GPL21145",2
"GSE128821",1,"Epigenome-wide analyis of neurobehavioral variation in preterm infants","subject status, nnns profile, pp_prp, buccal_pma, class, site, bsi_0_2_3, baycogcb, bga, bayccogcb, outborn, rid, rfid, riskmdb34, rsite_birth, cld1, rsite_ereg, sbi, epi, inf, rop",21,"Moderate",5,"EPIC (850K)","542","True","False","False","False",31004082,"clean single-array study with phenotype + covariates","","False",25,"subject status | pmid_38418845 | nnns profile | pp_prp | buccal_pma | class | site | bsi_0_2_3 | pmid_38358663 | baycogcb | bga | pmid_34507616 | bayccogcb | outborn | rid | rfid | riskmdb34 | rsite_birth | cld1 | rsite_ereg | sbi | epi | inf | (untagged) | rop",27,"subject status | gender | pmid_38418845 | nnns profile | pp_prp | buccal_pma | class | site | bsi_0_2_3 | pmid_38358663 | baycogcb | bga | pmid_34507616 | bayccogcb | outborn | rid | plate | rfid | riskmdb34 | rsite_birth | cld1 | rsite_ereg | sbi | epi | inf | (untagged) | rop","gender","","","","genomic DNA from buccal swab","Mar 25 2019","Feb 13 2026","GPL21145",1
"GSE251786",1,"Sex-specific and multiomic integration enhance accuracy of peripheral blood biomarkers of major depressive disorder","group",1,"Moderate",5,"EPIC (850K)","470","True","False","False","False",39914267,"multi-omic super-series (methylation + sequencing)","GPL18573,GPL20301,GPL24676","True",1,"group",3,"tissue | group | Sex","Sex","","tissue","Whole blood","Whole blood","Dec 21 2023","Mar 17 2025","GPL18573,GPL20301,GPL21145,GPL24676",4
"GSE131433",1,"Epigenome-wide Association study of individuals conceived by Assisted Reproduction Technologies at birth and adulthood","art status, art subtype, time of collection",3,"Moderate",5,"EPIC (850K)","440","True","False","False","False",31477727,"clean single-array study with phenotype + covariates","","False",3,"art status | art subtype | time of collection",5,"gender | sample type | art status | art subtype | time of collection","gender","","","","ART_Donor_1","May 17 2019","May 12 2023","GPL21145",1
"GSE256396, GSE256394",2,"Somatic mutations and DNA methylation identify a subgroup of poor prognosis within lower risk myelodysplastic syndromes","disease, progression, mdsdiag, genotype",4,"Moderate",5,"EPIC (850K)","374, 182","True","False","False","False",39850648,"multi-omic super-series (methylation + sequencing)","GPL21697","True",4,"disease | progression | mdsdiag | genotype",8,"disease | progression | mdsdiag | genotype | gender | methyl batch | tissue | cell line","gender","","tissue;cell line","Bone marrow; CD34+","Bone marrow","Feb 22 2024","Jan 30 2025","GPL21145,GPL21697",2
"GSE305174",1,"Epigenome-wide association study of blood DNA methylation and markers of physical performance indicates subtle differences across levels of cardiovascular fitness","",0,"Moderate",5,"EPIC (850K)","366","True","True","False","False",42064556,"no phenotype/exposure variable (demographic/reference only)","","True",0,"",3,"tissue | Sex | age","Sex","age","tissue","Whole blood","Whole blood","Aug 11 2025","May 07 2026","GPL21145",1
"GSE315764",1,"Stratifying High-Risk Prediabetes Clusters Using Blood-Based Epigenetic Markers","disease_state",1,"Moderate",5,"EPIC (850K)+EPIC v2","333","True","False","False","False",41547928,"mixed array generations (450K/EPIC/EPICv2)","","True",1,"disease_state",3,"Sex | disease_state | tissue","Sex","","tissue","Blood cells","Blood cells","Jan 06 2026","Jan 29 2026","GPL21145,GPL33022",2
"GSE269416",1,"Diagnostic Utility of DNA Methylation Analysis in Genetically Unsolved Pediatric Epilepsies and CHD2 Episignature Refinement","genotype",1,"Moderate",5,"EPIC (850K)","290","False","False","False","False",39107278,"no sex field","","True",1,"genotype",3,"tissue | genotype | library name","","","tissue","peripheral blood; saliva; fibroblast","peripheral blood","Jun 08 2024","Aug 07 2024","GPL21145",1
"GSE159930",1,"Rare genetic variation at transcription factor binding site modulates local DNA methylation profiles","diagnosis",1,"Moderate",5,"EPIC (850K)","267","False","False","False","False",33216750,"no sex field","","True",1,"diagnosis",2,"tissue | diagnosis","","","tissue","Blood; Heart","Blood","Oct 23 2020","Nov 24 2020","GPL21145",1
"GSE234461",1,"Epigenetics of Yakutia and Central Russia regions","",0,"Moderate",5,"EPIC (850K)","245","True","True","False","False",38053163,"no phenotype/exposure variable (demographic/reference only)","","True",0,"",4,"sample type | age | Sex | region","Sex","age","region","Central; Yakutia","Whole Blood","Jun 08 2023","Jan 27 2026","GPL21145",1
"GSE240155",1,"Characterization of DNA methylation changes induced by albuterol in airway epithelial cultures","phase, treatment",2,"Moderate",5,"EPIC (850K)","200","False","False","False","False",37784136,"no sex field","","True",3,"pair | phase | treatment",5,"pair | phase | cell type | treatment | quality control","","","cell type","NEC","Nasal Epithelial Cells after chronic stimulation with mock solution","Aug 04 2023","Oct 19 2023","GPL21145",1
"GSE210995",1,"HKU Gastric Intestinal Metaplasia study: Single-cell RNA sequencing, transcriptome and methylation profiling","culture condition, subtype reclassification, copy number profile, sample subtype reclassification, long-term culture",5,"Moderate",5,"EPIC (850K)","199","True","False","False","False",39572083,"multi-omic super-series (methylation + sequencing)","GPL24676","True",6,"culture condition | subtype reclassification | (untagged) | copy number profile | sample subtype reclassification | long-term culture",8,"tissue/cell type | gender | culture condition | subtype reclassification | (untagged) | copy number profile | sample subtype reclassification | long-term culture","gender","","tissue/cell type","Human IM organoid; Human normal gastric organoid; Human normal colon organoid","Human IM organoid","Aug 10 2022","Jan 14 2025","GPL21145,GPL24676",2
"GSE230652",1,"Epigenome-wide association study of diabetic chronic kidney disease progression","ckd",1,"Moderate",5,"EPIC (850K)","180","False","False","False","False",37210443,"no sex field","","True",1,"ckd",2,"ckd | tissue","","","tissue","whole blood","whole blood","Apr 26 2023","May 22 2023","GPL21145",1
"GSE216906",1,"Longitudinal DNA methylation profile of peripheral blood in women delivering preterm informs predictive biomarkers","disease state, timepoint",2,"Moderate",5,"EPIC (850K)","162","True","False","False","False",37345372,"clean single-array study with phenotype + covariates","","False",2,"disease state | timepoint",4,"Sex | sample type | disease state | timepoint","Sex","","","","genomic DNA from maternal peripheral blood","Oct 31 2022","Feb 18 2026","GPL21145",1
"GSE191082, GSE191083",2,"Specific methylation marks in promoter regions are associated to the pathogenic process of Chronic Chagas disease Cardiomyopathy by modifying transcription factor binding patterns [methylation]","group",1,"Moderate",5,"EPIC (850K)","158, 180","False","False","False","False",36072583,"no sex field","","True",1,"group",2,"group | tissue","","","tissue","Left ventricular wall; Blood","Heart","Dec 16 2021","Oct 28 2022","GPL21145",1
"GSE197305",1,"Cortex DNA methylation profiles for the Brains for Dementia research cohort","",0,"Moderate",4,"EPIC (850K)","1221","True","False","False","True",35995800,"no phenotype/exposure variable (demographic/reference only)","","True",0,"",7,"developmental stage | tissue | brain region | gender | cell proportion double negative | cell proportion neun+ | cell proportion sox10+","gender","","developmental stage;tissue;brain region","adult; brain; Prefrontal; Occipital","203205080152_R02C01","Feb 23 2022","Sep 30 2024","GPL21145",1
"GSE254135",1,"Longitudinal prediction of DNA methylation to forecast epigenetic outcomes","",0,"Moderate",4,"EPIC (850K)","1051","False","True","False","False",40267756,"no phenotype/exposure variable (demographic/reference only); no sex field","","True",0,"",2,"tissue | age(month)","","age(month)","tissue","buccal swab","buccal swab 1","Jan 24 2024","May 15 2025","GPL21145",1
"GSE210435",1,"TET2 Mutant Clonal Hematopoiesis Enhances Severity of COVID-19 Related Cytokine Release Syndrome and is Associated with Increased Mortality.","disease state_1, disease state_2, disease state 1, disease state 2",4,"Moderate",4,"EPIC (850K)","363","False","False","False","False",39189614,"multi-omic super-series (methylation + sequencing); no sex field","GPL20301,GPL24676","True",5,"disease state_1 | disease state_2 | (untagged) | disease state 1 | disease state 2",7,"tissue | disease state_1 | disease state_2 | (untagged) | disease state 1 | disease state 2 | cell type","","","tissue;cell type","Peripheral blood mononuclear cells; Peripheral blood mononuclear cells","Peripheral blood mononuclear cells","Aug 03 2022","Feb 24 2025","GPL20301,GPL21145,GPL24676",3
"GSE149412",1,"Dioxin-like compound exposures and DNA methylation in the Anniston Community Health Survey Phase II","",0,"Moderate",4,"EPIC (850K)","292","True","False","False","False",32629249,"no phenotype/exposure variable (demographic/reference only)","","True",0,"",2,"Sex | tissue","Sex","","tissue","whole blood","ACH0002","Apr 27 2020","Aug 02 2023","GPL21145",1
"GSE178809",1,"Airway Aging and Methylation Disruptions in HIV-associated Chronic Obstructive Pulmonary Disease","copd, copd_status",2,"Moderate",4,"EPIC (850K)","152","False","False","False","False",35426765,"multi-omic super-series (methylation + sequencing); no sex field","GPL24676","True",2,"copd | copd_status",3,"copd | tissue | copd_status","","","tissue","Bronchial epithelium","Bronchial epithelium","Jun 24 2021","Jun 17 2022","GPL21145,GPL24676",2
"GSE195595",1,"Epigenome wide DNA methylation profile of neonatal blood spots from the Archives for Research on Child Health (ARCH) cohort","",0,"Moderate",4,"EPIC (850K)","152","True","False","False","False",38507935,"no phenotype/exposure variable (demographic/reference only)","","True",0,"",3,"infant sex | tissue | arch id","infant sex","","tissue","neonatal blood spot","neontatal bloodspot 1","Jan 27 2022","Nov 06 2024","GPL21145",1
"GSE309790",1,"Aberrant DNA Methylation Underlying Prenatal Exposures and Increased Newborn and Childhood Adiposity","",0,"Limited",3,"EPIC (850K)","3129","True","False","False","False",39165088,"very large (n=3129) — heavy for a tutorial; no phenotype/exposure variable (demographic/reference only)","","True",0,"",4,"Sex | tissue | developmental stage | cell type","Sex","","tissue;developmental stage;cell type","cord clood; newborn; whole blood cells","newborn cordblood","Nov 13 2025","May 21 2026","GPL21145",1
"GSE230446",1,"Methylation Array Data From PBMC Cell Lineages Derived From Control, At-Risk and Early RA Patients","",0,"Limited",3,"EPIC (850K)","382","True","False","False","False",37993439,"no phenotype/exposure variable (demographic/reference only)","","False",0,"",2,"assay | gender","gender","","","","Patient 41, Sample 39 B cells","Apr 24 2023","Dec 08 2023","GPL21145",1
"GSE305883",1,"DNA Methylation profiles of self-reported Hispanic subjects in the Northern Manhattan Study","",0,"Limited",3,"EPIC (850K)","322","False","False","False","False",41462362,"no phenotype/exposure variable (demographic/reference only); no sex field","","True",0,"",4,"tissue | batch | sample_plate | sentrix_id","","","tissue","Blood","Blood","Aug 19 2025","Feb 24 2026","GPL21145",1
"GSE263787",1,"Epigenetic heterogeneity hotspots in human liver disease progression [MethylationEPIC Beadchip]","",0,"Limited",3,"EPIC (850K)","298","False","False","False","False",39028883,"no phenotype/exposure variable (demographic/reference only); no sex field","","True",0,"",2,"tissue type | tissue","","","tissue type;tissue","Normal; Disease; liver","Normal liver tissue","Apr 11 2024","Apr 15 2026","GPL21145",1
"GSE191331",1,"Longitudinal multi-omics analysis identifies early blood-based predictors of anti-TNF therapy response in inflammatory bowel disease","cohort, treatment, remission at week 14, time point, diagnosis, timepoint",6,"Limited",3,"EPIC (850K)","286","False","False","False","False",36153599,"multi-omic super-series (methylation + sequencing); no sex field","GPL20301","False",7,"patient | cohort | treatment | remission at week 14 | time point | diagnosis | timepoint",7,"patient | cohort | treatment | remission at week 14 | time point | diagnosis | timepoint","","","","","Peripheral Whole-Blood","Dec 20 2021","Dec 13 2024","GPL20301,GPL21145",2
"GSE224339",1,"DNA methylation dynamics during pregnancy","",0,"Limited",3,"EPIC (850K)","239","False","False","False","False",37287456,"no phenotype/exposure variable (demographic/reference only); no sex field","","True",0,"",1,"tissue","","","tissue","maternal blood 1; maternal blood 3; cord blood","maternal blood 1","Feb 02 2023","Sep 04 2023","GPL21145",1
"GSE314180",1,"Integrative analysis of DNA methylation and inflammatory protein biomarkers in hypertension","",0,"Limited",3,"EPIC (850K)","218","False","False","False","False",41756286,"no phenotype/exposure variable (demographic/reference only); no sex field","","True",0,"",1,"cell type","","","cell type","leukocyte","leukocyte","Dec 17 2025","Mar 05 2026","GPL21145",1
"GSE111631",1,"Genome wide DNA methylation profiling of normal saliva from females and males","",0,"Limited",3,"EPIC (850K)","168","True","False","False","False",29693419,"no phenotype/exposure variable (demographic/reference only)","","False",0,"",5,"molecule subtype | sample_plate | sentrix_position | sentrix_id | gender","gender","","","","genomic DNA from saliva sample SLV1","Mar 09 2018","May 31 2020","GPL21145",1
