"chr","start","end","p","fdr","sidak","nprobe","probe"
"chr6",28633494,28633743,3.42861606155766e-21,3.0857544554019e-20,0,12,"cg25653641;cg22572476;cg19488431;cg27535677;cg22497095;cg26865747;cg03759229;cg13565129;cg14654363;cg00990380;cg12763978"
"chr19",32719646,32719946,2.7574495105952e-12,1.24085227976784e-11,6.95095236924459e-09,7,"cg11977760;cg07028389;cg18155407;cg07564471;cg02871941;cg19712189"
"chr21",36079368,36079552,4.79039436599943e-12,1.43711830979983e-11,1.96883477299181e-08,4,"cg01073521;cg25010248;cg08632701"
"chr3",138608316,138608741,7.21762050772175e-11,1.62396461423739e-10,1.28428372048184e-07,8,"cg02712878;cg06309968;cg19188109;cg22175303;cg13538845;cg15916166;cg18178505"
"chr20",32017853,32018114,3.42592558310009e-09,5.27138444806087e-09,9.92639280861241e-06,4,"cg10109215;cg14162940;cg23929284"
"chr5",171630068,171630336,3.51425629870725e-09,5.27138444806087e-09,9.91636921465755e-06,5,"cg11620716;cg07871442;cg10881242;cg01354046"
"chr17",47941509,47941652,3.37067361985639e-07,4.33372322552965e-07,0.00178094260280726,6,"cg23752357;cg17663845;cg14617424;cg13826447;cg23667362"
"chr10",44911196,44911197,0.00533244558495817,0.00599900128307794,1,1,""
"chr10",100519698,100519699,0.00760147854921254,0.00760147854921254,1,1,""
