probe,logFC,delta_beta,AveExpr,t,P.Value,adj.P.Val,B,bacon.p,bacon.es,bacon.se,bacon.adj.P,CpG_chrm,CpG_beg,CpG_end,genesUniq,transcriptTypes,distTSS,island,feature,BIOS_eQTM_genes,BIOS_eQTM_minFDR
cg12218747,0.375921610937903,0.0461333640900135,1.66636594036566,4.53806509860687,2.623244765642e-05,0.98583812393876,1.78591837819,7.09961554087449e-06,0.374609841699508,0.0834194027878445,0.315828903082463,chr21,36079367,36079369,CBR1-AS1;SETD4,lncRNA;protein_coding,22,OpenSea,Promoter,CBR1,0
cg26713179,-0.257465629740347,-0.0312124311274233,1.27494752272071,-4.30729843977496,5.91835283932668e-05,0.98583812393876,1.16944396147364,1.76296248497259e-05,-0.258412183245964,0.0601942215399727,0.323313318285158,chr19,52269117,52269119,ZNF766,protein_coding;protein_coding;protein_coding;protein_coding,-469,N_Shore,Promoter,ZNF528;ZNF528-AS1;ZNF880,0
cg08632701,0.468355385231394,0.0435037948264148,2.59475988891603,4.08726001070596,0.000126225775673631,0.98583812393876,0.595120871962412,5.27671263387758e-05,0.466540813575825,0.115394140518592,0.461774802848971,chr21,36079550,36079552,CBR1-AS1;SETD4,lncRNA;protein_coding,-161,OpenSea,Promoter,CBR1,0
cg09138671,0.308845862331039,0.0467696982823567,-1.7829270374492,4.03971239937551,0.000148297761988179,0.98583812393876,0.472920351293494,6.44750426688123e-05,0.307635202283253,0.0769895612806209,0.464374433269829,chr1,19799352,19799354,TMCO4,processed_transcript;processed_transcript;protein_coding;protein_coding,-8,N_Shore,Promoter,TMCO4,0.000232
cg19351838,0.151311506819596,0.0224858899106781,-0.173916127456196,3.8876808507847,0.000246694400121512,0.98583812393876,0.0870847899548197,0.000120634476971733,0.150695178361011,0.0391942046142004,0.512943683385126,chr12,131848795,131848797,MMP17,nonsense_mediated_decay;nonsense_mediated_decay;protein_coding;protein_coding;retained_intron;retained_intron;retained_intron,3835,N_Shore,Gene body,MMP17,0
cg25535873,0.165865945179883,0.0137492718418181,2.69627529995145,3.61970389519992,0.000590108418561545,0.98583812393876,-0.573344683963572,0.000345273505754136,0.165140315474231,0.0461450039525421,0.595895835955249,chr6,33005528,33005530,HLA-DOA,protein_coding,4063,N_Shelf,Gene body,HLA-DOA,0.028856816
cg26246807,-0.188581073032792,-0.00210965781305547,-5.02501760299337,-3.56571207075512,0.000700620066674664,0.98583812393876,-0.703133286873734,0.00037574181223103,-0.189418568956822,0.0532589176319748,0.595895835955249,chr19,57584290,57584292,ZIK1,processed_transcript;protein_coding;protein_coding;protein_coding;protein_coding;protein_coding;protein_coding;protein_coding,31,Island,Promoter,ZNF154;ZNF772,0.001736794
cg18786374,0.200768639696392,0.0212075557737805,1.54828700481419,3.56336046521242,0.000705855306111082,0.98583812393876,-0.708760000212775,0.000427053034796193,0.199876429894965,0.0567383398070728,0.599510754196039,chr2,201448808,201448810,STRADB;TRAK2,protein_coding;processed_transcript;protein_coding;protein_coding,2645,N_Shelf,Gene body,TRAK2,0.006917823
cg09253696,-0.645374950693616,-0.0434138015495946,-2.35424590793538,-3.52783317996627,0.00078961890642995,0.98583812393876,-0.793496716436993,0.000433264900818232,-0.648271860240917,0.184223304902242,0.59974396925525,chr17,75877447,75877449,ENSG00000267801;TRIM47,lncRNA;nonsense_mediated_decay;protein_coding;protein_coding;retained_intron;retained_intron,-183,Island,Promoter,TRIM47,0
cg07088771,0.2072449821624,0.0133498705502089,1.993375400912,3.47883910145313,0.000920738156241583,0.98583812393876,-0.909512442276239,0.000584204329917428,0.206301615440448,0.05999156425675,0.605073233760076,chr6,32090068,32090070,TNXB,protein_coding;protein_coding;protein_coding;protein_coding,8130,S_Shelf,Gene body,C4A;C4B;NELFE;SKIC2;TNXA;TNXB;WHR1B,0
cg13155648,0.19057939088009,0.0219304826971449,1.93475775474357,3.43565822779836,0.00105318836587833,0.98583812393876,-1.01093960651688,0.000683873223290781,0.189700981730694,0.0558607142942625,0.613318430971355,chr20,58229723,58229725,ANKRD60;PPP4R1L,protein_coding;processed_transcript;processed_transcript,-1070,S_Shore,Promoter,PPP4R1L,0.000723
cg23647554,-0.296238791163343,-0.0278227907214115,1.17980951325999,-3.40066304728062,0.00117357200643124,0.98583812393876,-1.09256341341663,0.000692167190659374,-0.297618251428602,0.0877240814384412,0.614380434393595,chr3,42659181,42659183,ZBTB47,protein_coding;protein_coding;protein_coding,368,S_Shore,Promoter,ZBTB47,0
cg03684807,-0.510770047001764,-0.0392054426179969,0.91053300802222,-3.38471086795714,0.00123266633500365,0.98583812393876,-1.12959736583488,0.000733284383972841,-0.513159699308621,0.151965271386046,0.625167897605633,chr22,46061503,46061505,MIRLET7BHG,lncRNA,7635,Island,Gene body,LINC00899;PRR34,9.92e-05
cg05385567,-0.162313702925828,-0.00336892455126911,-4.22484214406893,-3.35773795204805,0.00133903424394524,0.98583812393876,-1.19196694901722,0.000808006367562197,-0.163079192459068,0.0486798118405226,0.636385125388103,chr16,29925543,29925545,KCTD13;KCTD13-DT,nonsense_mediated_decay;nonsense_mediated_decay;nonsense_mediated_decay;processed_transcript;protein_coding;protein_coding;protein_coding;protein_coding;lncRNA,292,N_Shore,Promoter,C16orf54,0.045050416
cg07298996,0.171830822387156,0.00975865666232345,2.57702852232207,3.37219628366339,0.00128098411958967,0.98583812393876,-1.15857406129107,0.000859319502722595,0.171023923541936,0.0513131561620859,0.645530159713595,chr8,1861769,1861771,ARHGEF10;KBTBD11-OT1,processed_transcript;protein_coding;protein_coding;protein_coding;protein_coding;protein_coding;retained_intron;retained_intron;nonsense_mediated_decay;nonsense_mediated_decay;nonsense_mediated_decay,1855,OpenSea,Gene body,ARHGEF10,0.001180301
cg05226462,-0.17421409065143,-0.0238119297742471,-0.595765054063741,-3.32905485128857,0.00146162790025369,0.98583812393876,-1.25794336388636,0.000895175129406354,-0.175042782750512,0.052699055578503,0.646941605349439,chr16,3112451,3112453,ZNF205;ZNF213-AS1,protein_coding;protein_coding;protein_coding;protein_coding;protein_coding;lncRNA;lncRNA;lncRNA;lncRNA;lncRNA;lncRNA,38,OpenSea,Promoter,ZNF205,0
cg23985941,0.300786699707307,0.0398056322610698,-1.84669682079862,3.34385812231471,0.00139709232885136,0.98583812393876,-1.2239381055957,0.000950426812189665,0.299362267919268,0.090583957598873,0.646941605349439,chr14,104800207,104800209,ZBTB42,protein_coding;protein_coding,-388,Island,Promoter,ZBTB42,0.008671942
cg22053904,0.22510644427331,0.00894499501827133,-3.71558480748601,3.33594569340266,0.00143124462165957,0.98583812393876,-1.24212607547648,0.000977418594379373,0.224037882025111,0.067953129237465,0.646941605349439,chr6,30260229,30260231,HCG17;HLA-L,lncRNA;processed_transcript;processed_transcript;processed_transcript;processed_transcript;processed_transcript;processed_transcript;processed_transcript;processed_transcript;processed_transcript;processed_transcript;processed_transcript;processed_transcript;processed_transcript;processed_transcript;processed_transcript;transcribed_unprocessed_pseudogene,605,Island,Promoter,HLA-L,0
cg07460376,-0.270245714112169,-0.0100010646513282,-4.18626433382393,-3.2755531250695,0.00171909452669358,0.98583812393876,-1.38003546586641,0.00108147459049977,-0.271552200948613,0.0830834787524491,0.651617934686061,chr19,23758772,23758774,ZNF681,protein_coding;protein_coding;protein_coding,65,S_Shore,Promoter,ZNF681,0
cg06083200,0.254400971553083,0.0434245719805564,-0.956708520173018,3.30312893478922,0.00158148035044851,0.98583812393876,-1.3172660206717,0.00109711887876808,0.253181352753941,0.077559275576297,0.653819739312244,chr6,30066072,30066074,PPP1R11,protein_coding;protein_coding;protein_coding;protein_coding,-636,OpenSea,Promoter,TRIM26,0.007847607
cg05281708,-0.195927775267234,-0.00335243128029002,-3.22774167884767,-3.26725175451578,0.00176268133054059,0.98583812393876,-1.39886461718889,0.00111340534792628,-0.196877383077752,0.0603884540950208,0.656257467593719,chr3,44649180,44649182,ZKSCAN7-AS1;ZNF35,lncRNA;lncRNA;protein_coding;protein_coding;protein_coding;protein_coding;protein_coding;protein_coding,436,S_Shore,Promoter,ZNF35,0.035006326
cg19470701,0.191872935235512,0.002104382609498,-4.98450052386843,3.26856096577155,0.0017557388357961,0.98583812393876,-1.39589713093626,0.00123776091348669,0.190943352605101,0.0591149918759405,0.67245135403818,chr20,63521278,63521280,PPDPF,processed_transcript;processed_transcript;protein_coding;protein_coding,502,Island,Promoter,PPDPF,0
cg01947224,-0.222561570397224,-0.00722759985859667,-4.05973309148102,-3.21716777284313,0.0020485150900677,0.98583812393876,-1.51180123987828,0.00132528261445793,-0.223657057674551,0.0696653738794373,0.684688476993149,chr19,57578516,57578518,ZIK1;ZNF416,processed_transcript;protein_coding,61,Island,Promoter,ZIK1;ZNF134;ZNF154;ZNF211;ZNF304;ZNF416;ZNF419;ZNF530;ZNF547;ZNF549;ZNF551;ZNF671;ZNF772;ZNF773,0
cg10194884,0.122445693108486,0.0151706307359409,0.0627707599630567,3.24626682252011,0.00187754729762159,0.98583812393876,-1.44632362412454,0.001337107602167,0.12184839633133,0.037983922003279,0.685237480869698,chr16,2813917,2813919,,,,N_Shelf,Intergenic,ZG16B,0
cg26410105,0.272478179347726,0.00544928261986947,-5.31504306909442,3.23259097225754,0.00195615538094646,0.98583812393876,-1.47714479935852,0.00140163776202329,0.271143392730372,0.0848831480490205,0.689249980045574,chr3,39384283,39384285,ENSG00000287780;SLC25A38,lncRNA;nonsense_mediated_decay;protein_coding;protein_coding;protein_coding;protein_coding;protein_coding;protein_coding,17,Island,Promoter,SLC25A38,0.00606878
cg27530239,-0.237015215557605,-0.0182325500250231,-2.16454291803957,-3.19583206774912,0.00218304919849235,0.98583812393876,-1.55956259406787,0.00142636977677085,-0.238189634770826,0.0746848961859323,0.689249980045574,chr17,48831711,48831713,CALCOCO2,nonsense_mediated_decay;processed_transcript;processed_transcript;protein_coding;protein_coding;protein_coding;protein_coding;protein_coding;protein_coding;protein_coding;protein_coding;protein_coding;protein_coding;retained_intron;retained_intron;retained_intron,484,S_Shore,Promoter,CALCOCO2,0.013677017
cg12032533,0.112982456498312,0.00505936341875102,2.99224728306644,3.22726220815602,0.00198761421384279,0.98583812393876,-1.48913105128137,0.00142755015435006,0.112428076399608,0.0352547196547224,0.689249980045574,chr6,31668003,31668005,CSNK2B;ENSG00000263020,nonsense_mediated_decay;nonsense_mediated_decay;protein_coding;protein_coding;protein_coding;protein_coding;protein_coding;retained_intron;retained_intron;retained_intron;retained_intron;protein_coding;protein_coding;protein_coding,-1114,S_Shore,Promoter,LY6G5C,0.04588736
cg11947245,0.261339514564908,0.0266689322981583,2.64737348000036,3.21910453320381,0.00203669615961509,0.98583812393876,-1.50745527466045,0.00146807539531115,0.260053929343976,0.0817542813355267,0.691451046605742,chr13,28754841,28754843,,,,OpenSea,Intergenic,SLC46A3,0.005988732
cg04835284,-0.197111592029182,-0.0071004829020983,-0.761162915954966,-3.18569944110809,0.00224980593937255,0.98583812393876,-1.5821712315816,0.0014768257552693,-0.198091393838417,0.0623085824735482,0.691451046605742,chr10,100520000,100520002,ENSG00000255339;SEC31B,nonsense_mediated_decay;nonsense_mediated_decay;nonsense_mediated_decay;nonsense_mediated_decay;nonsense_mediated_decay;nonsense_mediated_decay;nonsense_mediated_decay;nonsense_mediated_decay;nonsense_mediated_decay;protein_coding,-136,S_Shore,Promoter,SEC31B,0
cg15611912,-0.191259709741684,-0.0204038672044793,-0.0217230332353893,-3.18409629562223,0.00226054179230495,0.98583812393876,-1.58574390483521,0.00148495776481123,-0.19221090169917,0.0604891948275791,0.691451046605742,chr10,119541344,119541346,RGS10,protein_coding,1375,N_Shore,Promoter,RGS10,0.001584577
cg01707361,-0.170626178277225,-0.0123440123956293,-0.192441001950771,-3.1390098939384,0.00258289697159035,0.98583812393876,-1.68572723593079,0.00173126524963515,-0.171486941790753,0.0547385745437013,0.707874380151406,chr17,79082948,79082950,ENGASE,nonsense_mediated_decay;processed_transcript;protein_coding;retained_intron;retained_intron;retained_intron,-137,OpenSea,Promoter,ENGASE,0
cg00730561,-0.193229739613688,-0.00584534901213984,-0.224524524456083,-3.11642863654303,0.00276006983009078,0.98583812393876,-1.73544193607994,0.00186826782274441,-0.194211595284971,0.0624391938192193,0.715744381569546,chr10,100519945,100519947,ENSG00000255339;SEC31B,nonsense_mediated_decay;nonsense_mediated_decay;nonsense_mediated_decay;nonsense_mediated_decay;nonsense_mediated_decay;nonsense_mediated_decay;nonsense_mediated_decay;nonsense_mediated_decay;nonsense_mediated_decay;protein_coding,-81,Island,Promoter,SEC31B,0
cg02190038,-0.129408753696434,-0.00994327536358972,-1.81760174817699,-3.09523464093831,0.00293664091288033,0.98583812393876,-1.78188060258058,0.00200584500976358,-0.130070819182103,0.0421027615257092,0.720696433470482,chr16,30031928,30031930,TLCD3B,nonsense_mediated_decay;protein_coding;protein_coding,-657,OpenSea,Promoter,BOLA2B,0.012545713
cg15019001,-0.85251246327872,-0.104627047783209,1.06331636543937,-3.07770074667904,0.00309063911054504,0.98583812393876,-1.82013592579054,0.00212662538438605,-0.856898832825308,0.278942604593138,0.726386826287977,chr6,33128525,33128527,HLA-DPB2,transcribed_unprocessed_pseudogene,16010,OpenSea,Gene body,HLA-DPB2;HSD17B8,0.017089097
cg16708981,-0.281036822714982,-0.0284029017797787,-1.70358847509591,-3.07473412036541,0.00311742884878016,0.98583812393876,-1.82659376131707,0.00214770833388494,-0.282484215922989,0.0920441442572605,0.727146125547602,chr19,53255355,53255357,ZNF677,processed_transcript;protein_coding;protein_coding;protein_coding;protein_coding;protein_coding;protein_coding;protein_coding,-457,S_Shore,Promoter,ZNF677,0
cg10673740,-0.266064780302385,-0.0153803059284301,-2.29386917422478,-3.06724597919521,0.00318601669325875,0.98583812393876,-1.84287513377698,0.00220177951061497,-0.267438409946019,0.0873532944436378,0.728389307384988,chr10,119652313,119652315,BAG3,protein_coding,934,Island,Promoter,BAG3,0
cg14356799,-0.294743384951111,-0.0234117061339483,-2.88525982579781,-3.0645109006427,0.0032114179294715,0.98583812393876,-1.84881517564095,0.00222183836016472,-0.296266433569674,0.0968553023341294,0.730682740635769,chr6,33076567,33076569,HLA-DPA1;HLA-DPB1,processed_transcript;protein_coding;protein_coding;protein_coding;protein_coding;retained_intron,558,OpenSea,Promoter,HLA-DMA;HLA-DOA;HLA-DPA1;HLA-DPB1;HLA-DPB2,0
cg04611437,-0.204906357003786,-0.00866700205551102,-0.649931838824327,-3.06134274351782,0.00324107741301237,0.98583812393876,-1.85569121788917,0.00224528263885185,-0.205966280080057,0.0674037379712352,0.732021946043372,chr10,100519939,100519941,ENSG00000255339;SEC31B,nonsense_mediated_decay;nonsense_mediated_decay;nonsense_mediated_decay;nonsense_mediated_decay;nonsense_mediated_decay;nonsense_mediated_decay;nonsense_mediated_decay;nonsense_mediated_decay;nonsense_mediated_decay;protein_coding,-75,Island,Promoter,SEC31B,0
cg19715771,0.187955038943151,0.0103152964501924,-2.81663049453271,3.08251141719301,0.00304765338783502,0.98583812393876,-1.80965484833495,0.00232462954236975,0.18698947697739,0.0614030274387145,0.733659499288622,chr17,79837112,79837114,CBX4,protein_coding;protein_coding;protein_coding,769,S_Shore,Promoter,CBX8,0.041966388
cg05369942,-0.219617270296431,-0.0130195013478384,-2.45865826439214,-3.04860390370657,0.00336293347879227,0.98583812393876,-1.88328957746826,0.00234185563394403,-0.220758035744309,0.0725447507058423,0.733943668467489,chr4,141307462,141307464,LINC02432,lncRNA,25155,OpenSea,Gene body,LINC02432,0
cg00189101,0.138252533426862,0.0142368315550218,-2.65527808522691,3.07525206804139,0.00311273602378704,0.98583812393876,-1.82546658615387,0.00238096771492001,0.13754062644887,0.0452723338880114,0.736972275418562,chr2,241148888,241148890,PASK;PPP1R7,nonsense_mediated_decay;protein_coding;protein_coding;protein_coding;protein_coding;protein_coding;protein_coding;protein_coding;protein_coding;protein_coding;protein_coding;protein_coding;protein_coding,547,N_Shore,Promoter,PASK,0
cg00800512,-0.210904232798135,-0.0070545560550411,-3.40466951416395,-3.03042150511819,0.00354427475707087,0.98583812393876,-1.92254332413995,0.00248629391858267,-0.21200631281431,0.0700846262306326,0.741694089514118,chr19,57584149,57584151,ZIK1,processed_transcript;protein_coding;protein_coding;protein_coding;protein_coding;protein_coding;protein_coding;protein_coding,5,Island,Promoter,ZIK1;ZNF134;ZNF154;ZNF211;ZNF304;ZNF416;ZNF419;ZNF547;ZNF549;ZNF551;ZNF671;ZNF773,0
cg22185977,0.181150015594487,0.0428103283994363,0.406482855461575,3.04387456743792,0.00340925031224726,0.98583812393876,-1.8935153235482,0.00263914613299294,0.180207599933643,0.0599310833829496,0.746119872677006,chr5,1518017,1518019,LPCAT1,nonsense_mediated_decay;processed_transcript;protein_coding,5723,OpenSea,Gene body,LPCAT1,0.044518899
cg05412222,-0.170504792617808,-0.0084889622205665,1.09759612822128,-3.00965856550965,0.00376247534699627,0.98583812393876,-1.96716854038093,0.00266117064943485,-0.171401911984657,0.057050554031516,0.746119872677006,chr14,105316479,105316481,BRF1;PACS2,protein_coding;protein_coding;protein_coding;nonsense_mediated_decay;nonsense_mediated_decay;protein_coding;protein_coding;protein_coding;protein_coding;retained_intron;retained_intron;retained_intron,-890,S_Shore,Promoter,PACS2,0.016825243
cg21425232,-0.122709431721824,-0.0105198649543357,1.75058340772678,-2.98242326943654,0.00406766775883541,0.98583812393876,-2.02537933340307,0.00290760253619337,-0.123360969400884,0.0414332662255833,0.757201122792828,chr22,42551191,42551193,,,,N_Shelf,Intergenic,RRP7A;RRP7BP,0
cg05875421,-0.214536631571668,-0.0134327659293226,-2.858864512128,-2.97863809259608,0.00411186005576892,0.98583812393876,-2.0334401057374,0.0029434536169521,-0.215677182254912,0.0725310931683845,0.758150760049495,chr14,91243606,91243608,ENSG00000258875;GPR68,lncRNA;lncRNA;lncRNA;processed_transcript;protein_coding;protein_coding;protein_coding;protein_coding,672,OpenSea,Promoter,GPR68,0
cg23681017,0.106811732906547,0.0152390919914781,0.288804282689474,3.00321339418609,0.00383271086318297,0.98583812393876,-1.98097744292084,0.00301174832218983,0.1062485316182,0.0358156859820223,0.762547988285077,chr4,687296,687298,SLC49A3,processed_transcript;protein_coding;protein_coding;protein_coding;protein_coding;protein_coding;protein_coding;protein_coding,29,N_Shore,Promoter,SLC49A3,0.000639
cg20042291,-0.138430337479296,-0.0185965598556753,0.135547612859328,-2.94212877211443,0.00456160429509149,0.98583812393876,-2.11081776261044,0.00331053978551847,-0.139175413302379,0.0473816418116804,0.772946921570013,chr3,42659092,42659094,ZBTB47,protein_coding;protein_coding;protein_coding,279,S_Shore,Promoter,ZBTB47,0.033542146
cg08707112,0.165539898657644,0.00698794573052777,-3.9012336956621,2.96901307168545,0.0042262503241995,0.98583812393876,-2.05390472417072,0.00336164202640474,0.164656978471763,0.0561475848492833,0.774569958977551,chr10,8053800,8053802,GATA3;GATA3-AS1,protein_coding;protein_coding;protein_coding;protein_coding;lncRNA;lncRNA;lncRNA;lncRNA;lncRNA,197,Island,Promoter,GATA3,0.024477463
cg13475732,0.507603272166077,0.0134568937293575,-4.21934043367225,2.96742058297957,0.00424545908774168,0.98583812393876,-2.05728615526956,0.00337880206606101,0.504894476917464,0.172260543470467,0.774569958977551,chr19,55461487,55461489,ISOC2,protein_coding;protein_coding;protein_coding;protein_coding;protein_coding;retained_intron;retained_intron,137,Island,Promoter,ISOC2,0
cg01280080,-0.237554058528458,-0.02360724292664,-1.87105190369962,-2.9283541318967,0.00474283676231703,0.98583812393876,-2.13983576802677,0.00345954328724461,-0.238838663888037,0.0816919689664587,0.776644961774137,chr2,215312552,215312554,ATIC,nonsense_mediated_decay;nonsense_mediated_decay;nonsense_mediated_decay;protein_coding;protein_coding;protein_coding;retained_intron,55,S_Shore,Promoter,ATIC,0.002117617
cg08030078,0.189948881923812,0.0126384202265755,2.95122795681651,2.95436697173808,0.00440599611436606,0.98583812393876,-2.08495539094418,0.00352249744976904,0.188930752068377,0.0647459797157207,0.776644961774137,chr17,81050917,81050919,BAIAP2,nonsense_mediated_decay;nonsense_mediated_decay;processed_transcript;processed_transcript;protein_coding;protein_coding;protein_coding;protein_coding;protein_coding;protein_coding;protein_coding;protein_coding;retained_intron,14915,N_Shore,Gene body,BAIAP2,0
cg05270750,-0.668441789578557,-0.0260635543746958,-4.35207661262703,-2.90488888693614,0.00506700747109339,0.98583812393876,-2.18904444149767,0.00372748914064814,-0.672085676898935,0.231725897509196,0.785575110385794,chr16,90077379,90077381,PRDM7,nonsense_mediated_decay;nonsense_mediated_decay;processed_transcript;protein_coding,-48,Island,Promoter,FAM157C,0.004476391
cg10189135,-0.169315163537246,-0.00863164553050821,-1.37478818258505,-2.90006931203957,0.00513607864932657,0.98583812393876,-2.19911642953084,0.00378480542991131,-0.170239687873183,0.0587933195178665,0.785575110385794,chr16,67482258,67482260,ATP6V0D1;ATP6V0D1-DT,nonsense_mediated_decay;nonsense_mediated_decay;nonsense_mediated_decay;nonsense_mediated_decay;processed_transcript;protein_coding;protein_coding;protein_coding;retained_intron;lncRNA;lncRNA;lncRNA;lncRNA;lncRNA,852,S_Shore,Promoter,ATP6V0D1-DT,0.000274
cg12861503,0.113662297117244,0.0263692171426245,-0.917442106402418,2.92054408350509,0.00484853507979964,0.98583812393876,-2.15624551578096,0.00392105849372522,0.113046009369618,0.0391916156803028,0.791202324709746,chr13,52159935,52159937,NEK3,nonsense_mediated_decay;protein_coding;protein_coding;protein_coding;protein_coding;protein_coding;retained_intron,-74,S_Shore,Promoter,NEK3,0.006969063
cg02593403,-0.212060331769275,-0.000388676869069293,0.606191122123955,-2.88428241937738,0.00536847384031355,0.98583812393876,-2.2320238687721,0.00397820239627659,-0.213224598598945,0.0740392751819458,0.791202324709746,chr10,100519160,100519162,ENSG00000255339;SEC31B,nonsense_mediated_decay;nonsense_mediated_decay;nonsense_mediated_decay;nonsense_mediated_decay;nonsense_mediated_decay;nonsense_mediated_decay;nonsense_mediated_decay;nonsense_mediated_decay;nonsense_mediated_decay;protein_coding,675,N_Shore,Promoter,SEC31B,0
cg16791210,-0.127832625794472,-0.0192569443504646,-0.920787157856346,-2.8695919412603,0.00559342453176769,0.98583812393876,-2.26252958743297,0.00416618269757907,-0.128538053376563,0.044860289360091,0.793558835088062,chr2,85354254,85354256,ELMOD3;RETSAT,nonsense_mediated_decay;nonsense_mediated_decay;nonsense_mediated_decay;processed_transcript;processed_transcript;processed_transcript;protein_coding;protein_coding;protein_coding;protein_coding;protein_coding;protein_coding;protein_coding;retained_intron;protein_coding;protein_coding;protein_coding;retained_intron,-139,N_Shore,Promoter,RETSAT,0
cg27309702,0.216578332694835,0.00709749962286688,3.16316394033611,2.90018655804116,0.00513438806236477,0.98583812393876,-2.19887155019633,0.0041802672092599,0.215395781526691,0.075202031977269,0.793558835088062,chr16,57758397,57758399,ENSG00000276166;KIFC3,lncRNA;protein_coding;protein_coding;protein_coding;protein_coding,-960,N_Shelf,Promoter,KIFC3,9.3e-06
cg25054828,-0.311038536609481,-0.00816286821762818,-4.54141178254133,-2.85226217401292,0.00586997211034653,0.98583812393876,-2.29837108055469,0.00439827395997948,-0.312765390638588,0.109815909379071,0.797404714943135,chr17,74776586,74776588,NAT9;TMEM104,nonsense_mediated_decay;processed_transcript;processed_transcript;processed_transcript;processed_transcript;processed_transcript;protein_coding;protein_coding;protein_coding;protein_coding;protein_coding;protein_coding;protein_coding;protein_coding;protein_coding;protein_coding;protein_coding;protein_coding;retained_intron;retained_intron;retained_intron;retained_intron;retained_intron;retained_intron;retained_intron;retained_intron;retained_intron;protein_coding;protein_coding;protein_coding;protein_coding;protein_coding;retained_intron,67,S_Shore,Promoter,CD300LB,0.029614711
cg25575065,-0.693749205899614,-0.0277580324815142,-3.18708731957935,-2.83768050206909,0.00611238420040935,0.98583812393876,-2.32840682655187,0.00460257219573483,-0.697620622193921,0.246195158234801,0.80563463002013,chr22,50627965,50627967,ARSA;ENSG00000289244,protein_coding;protein_coding;protein_coding;protein_coding;protein_coding;retained_intron;lncRNA,187,Island,Promoter,ARSA,0
cg04293891,-0.088081205510031,-0.0113639377612978,0.823159120171835,-2.82759286830568,0.00628545201596469,0.98583812393876,-2.34912000483567,0.0047488949265496,-0.0885744897530524,0.0313694480348061,0.80695250049974,chr19,52735946,52735948,ZNF611,nonsense_mediated_decay;nonsense_mediated_decay;nonsense_mediated_decay;nonsense_mediated_decay;processed_transcript;processed_transcript;processed_transcript;protein_coding;protein_coding;protein_coding;protein_coding;protein_coding;protein_coding;protein_coding;protein_coding;protein_coding,-873,S_Shore,Promoter,ZNF468;ZNF83,0.006345745
cg07990749,-0.17479633510297,-0.00764181971787427,-3.14902257333979,-2.82641097066191,0.00630602208694486,0.98583812393876,-2.35154330117791,0.00476631125994821,-0.175775662452778,0.0622784101529315,0.80793881373629,chr10,46541299,46541301,,,,Island,Intergenic,BMS1P1,0.000913
cg11549417,-0.236006746317461,-0.0057168066639716,-4.76685380291488,-2.82556567478764,0.00632077188093728,0.98583812393876,-2.3532759944693,0.00477880289600328,-0.237329411380512,0.0841123014769119,0.808161267373681,chr13,114049166,114049168,RASA3,protein_coding,83457,S_Shore,Gene body,RASA3;SWINGN,0
cg19268434,-0.167253275676355,-0.00345385822116172,-4.19636681604529,-2.82493996699944,0.00633171049327275,0.98583812393876,-2.35455833079972,0.00478806857187932,-0.168190829652372,0.0596219140314525,0.808977132607754,chr6,32109189,32109191,ENSG00000284829;ENSG00000286974;TNXB,lncRNA;lncRNA;protein_coding;protein_coding;protein_coding;protein_coding;protein_coding;retained_intron,32,OpenSea,Promoter,TNXB,0.002888752
cg26458072,-0.222993523981198,-0.00934334167073264,-0.403151674916151,-2.82473799131415,0.00633524515111519,0.98583812393876,-2.35497221896452,0.00479106295992249,-0.224243624543333,0.0794977037620083,0.809006733239367,chr10,100519936,100519938,ENSG00000255339;SEC31B,nonsense_mediated_decay;nonsense_mediated_decay;nonsense_mediated_decay;nonsense_mediated_decay;nonsense_mediated_decay;nonsense_mediated_decay;nonsense_mediated_decay;nonsense_mediated_decay;nonsense_mediated_decay;protein_coding,-72,Island,Promoter,NDUFB8;SEC31B,0
cg23768829,0.151333897315659,0.0269462290253502,-1.10614379264572,2.85467696943125,0.00583069447536548,0.98583812393876,-2.29338622588385,0.0048168096995474,0.150494417775293,0.0533850618387598,0.810070747603603,chr10,8047689,8047691,GATA3,protein_coding,2312,N_Shore,Gene body,GATA3,0.000114
cg20705781,-0.17764765008312,-0.00746797075903449,-1.20344311722951,-2.81198020554261,0.00656223148026807,0.98583812393876,-2.38107158054095,0.00498367277025599,-0.178648060208196,0.0636191280707456,0.810588581944344,chr11,67302766,67302768,SSH3,nonsense_mediated_decay;nonsense_mediated_decay;processed_transcript;protein_coding;protein_coding;protein_coding;protein_coding,-711,N_Shore,Promoter,SSH3,0.004484933
cg01657556,0.321911074209889,0.0352070614089431,-2.2100852692754,2.84335736063419,0.00601693253440302,0.98583812393876,-2.31672677674313,0.00498818940235178,0.320118259769364,0.114010532920431,0.810588581944344,chr13,51845346,51845348,ENSG00000285444;TMEM272,nonsense_mediated_decay;protein_coding;protein_coding;protein_coding,-169,OpenSea,Promoter,ATP7B;DHRS12,0
cg01072942,-0.249482163459885,-0.0074250296237601,-1.68803999412433,-2.81162110101924,0.00656872770853823,0.98583812393876,-2.38180497046341,0.0049891942446219,-0.250887283986636,0.0893558956526943,0.810588581944344,chr10,100519572,100519574,ENSG00000255339;SEC31B,nonsense_mediated_decay;nonsense_mediated_decay;nonsense_mediated_decay;nonsense_mediated_decay;nonsense_mediated_decay;nonsense_mediated_decay;nonsense_mediated_decay;nonsense_mediated_decay;nonsense_mediated_decay;protein_coding,263,Island,Promoter,SEC31B,0
cg19800096,0.222567641738466,0.00471611603619723,-5.20914903159611,2.82934908230072,0.00625500058197625,0.98583812393876,-2.34551779684614,0.0052079005255724,0.221321962112453,0.0792165629635587,0.810656815644994,chr3,49673811,49673813,APEH,nonsense_mediated_decay;nonsense_mediated_decay;protein_coding;protein_coding;protein_coding;protein_coding;protein_coding;retained_intron;retained_intron;retained_intron;retained_intron;retained_intron,-202,Island,Promoter,NICN1,0.009316474
cg14470121,-0.180103693602513,-0.0173737727783455,1.12558577462665,-2.7911627270137,0.0069487482067904,0.98583812393876,-2.42347300064871,0.00531303950470139,-0.181125499331431,0.0649797397107956,0.811785223749504,chr16,1537682,1537684,IFT140;TMEM204,nonsense_mediated_decay;protein_coding;retained_intron;protein_coding;protein_coding,4017,Island,Gene body,TMEM204,0.043289484
cg02392553,-0.160645336626993,-0.00187842798094484,-5.40919035178667,-2.78644086222403,0.00703928328485551,0.98583812393876,-2.4330583315625,0.00539043000397048,-0.161558291189557,0.0580575623763748,0.812895720527194,chr1,54996600,54996602,,,,N_Shore,Intergenic,TTC22,0.021247545
cg01657207,-0.201694916425593,-0.0109824604881919,-1.86991102989069,-2.77729526569081,0.00721772874936908,0.98583812393876,-2.45158974219043,0.00554322576430763,-0.202844932125022,0.0731330023872353,0.812895720527194,chr3,44648526,44648528,ZKSCAN7-AS1;ZNF35,lncRNA;lncRNA;protein_coding;protein_coding;protein_coding;protein_coding;protein_coding;protein_coding,-205,N_Shore,Promoter,ZNF35,0.014673482
cg07889058,-0.204682808240716,-0.00643135870375718,-4.62556970994002,-2.77542660447775,0.00725469700181534,0.98583812393876,-2.45537061239221,0.00557492231508464,-0.205850645939605,0.0742663576358549,0.812895720527194,chr5,140700284,140700286,ZMAT2,nonsense_mediated_decay;protein_coding;protein_coding,-162,OpenSea,Promoter,HARS2,0.000438
cg11682012,-0.162521646801968,-0.00429463386475124,-4.61833632936797,-2.77251504929992,0.00731264396142642,0.98583812393876,-2.46125782633225,0.00562463461528816,-0.163449903673526,0.0590306828308898,0.81456425328151,chr11,119031028,119031030,SLC37A4,processed_transcript;processed_transcript;processed_transcript;processed_transcript;processed_transcript;processed_transcript;processed_transcript;processed_transcript;processed_transcript;processed_transcript;processed_transcript;protein_coding;protein_coding;protein_coding;protein_coding;retained_intron;retained_intron;retained_intron;retained_intron;retained_intron;retained_intron;retained_intron;retained_intron,-122,Island,Promoter,DDX6,0.021363933
cg14229655,0.185622721369171,0.0129597043270151,1.60930554921512,2.79722749013405,0.00683403604905164,0.98583812393876,-2.41114407911613,0.00574506876748633,0.184571887121235,0.0668257516841083,0.814796091712036,chr9,95290067,95290069,FANCC,nonsense_mediated_decay;processed_transcript;processed_transcript;processed_transcript;processed_transcript;protein_coding;protein_coding;protein_coding;protein_coding;protein_coding;protein_coding;protein_coding;protein_coding;retained_intron,26085,N_Shelf,Gene body,FANCC,0.034787018
cg05275752,0.235130536229247,0.0223827571545341,-2.10262835152944,2.79624860184075,0.00685243257399423,0.98583812393876,-2.4131353713566,0.00576219618234498,0.233798965852005,0.0846786175405217,0.814796091712036,chr2,38665744,38665746,GALM,nonsense_mediated_decay;processed_transcript;protein_coding;protein_coding,-336,OpenSea,Promoter,GALM,0.012662338
cg07036035,-0.0923235736748522,-0.0170330985219875,1.46046113696462,-2.76247306835386,0.00751578113309799,0.98583812393876,-2.48152779573853,0.00579917595506809,-0.0928528048571176,0.0336554234304914,0.814796091712036,chr14,95666734,95666736,ENSG00000259084;TCL6,lncRNA;lncRNA;lncRNA;lncRNA;lncRNA;lncRNA;lncRNA;lncRNA;retained_intron;retained_intron;retained_intron;retained_intron,1873,OpenSea,Gene body,TCL1A;TCL6,0
cg16650530,-0.144914683276545,-0.00232891149636916,-5.30468434416902,-2.75799127284493,0.00760810390547563,0.98583812393876,-2.49055681250396,0.00587863916069511,-0.145746735096954,0.0529127104946813,0.814796091712036,chr1,32072811,32072813,ENSG00000203325;TMEM39B,lncRNA;nonsense_mediated_decay;processed_transcript;processed_transcript;processed_transcript;processed_transcript;processed_transcript;protein_coding;protein_coding,-123,Island,Promoter,HDAC1,0.017896963
cg05921905,-0.395587915252607,-0.0174501922836183,-3.49818344251036,-2.75247483128593,0.00772316866094554,0.98583812393876,-2.50165528818604,0.0059777936097111,-0.397863801388421,0.144730533927604,0.814796091712036,chr7,27102907,27102909,HOXA2,protein_coding;retained_intron,-221,N_Shore,Promoter,HOTAIRM1;HOXA1,0
cg22425467,0.123525533973703,0.0175640412505772,0.196348330332584,2.78344372523731,0.00709731050799204,0.98583812393876,-2.43913627891627,0.00599051981983149,0.122822776997752,0.0446904573784114,0.814796091712036,chr6,30163411,30163413,TRIM15,protein_coding;protein_coding,-134,OpenSea,Promoter,HLA-A;HLA-J;HLA-K;HLA-L;HLA-U;HLA-W,0
cg00541956,-0.139223409717571,-0.0259533205400405,1.25980888173266,-2.75100880843509,0.00775401514125734,0.98583812393876,-2.5046019897894,0.0060043966414978,-0.140024813071445,0.0509636811228428,0.814796091712036,chr19,57943649,57943651,ZNF256,protein_coding;protein_coding,4026,N_Shelf,Gene body,ZNF154;ZNF256;ZNF274;ZNF329;ZNF417;ZNF418;ZNF587B;ZNF606;ZNF606-AS1;ZNF671;ZNF814;ZSCAN18,0
cg03901958,0.123878733058386,0.0128359511396504,-2.75814081506487,2.78216701380612,0.00712216206135688,0.98583812393876,-2.44172387955482,0.00601372595893598,0.123173643264089,0.0448388084050698,0.81505396662031,chr20,327581,327583,NRSN2-AS1;SOX12,lncRNA;lncRNA;protein_coding,2030,Island,Gene body,SOX12,0
cg15889057,0.0933854434589529,0.00869033793696616,3.10683237236901,2.77892394009051,0.00718564949709161,0.98583812393876,-2.44829290546162,0.00607303826568284,0.0928532942805087,0.0338409876985411,0.816330885335389,chr12,53208394,53208396,ITGB7,nonsense_mediated_decay;protein_coding;protein_coding;protein_coding;protein_coding;retained_intron;retained_intron,-1112,OpenSea,Promoter,ITGB7,0.038390862
cg08682544,-0.0796941034622225,-0.00135162145072473,-5.25529092626097,-2.74705941820494,0.00783767724017696,0.98583812393876,-2.51253444635863,0.00607659539470489,-0.0801535013634944,0.0292145123123765,0.816330885335389,chr16,66604534,66604536,CMTM3,nonsense_mediated_decay;protein_coding;protein_coding;protein_coding;protein_coding;protein_coding;protein_coding;protein_coding;protein_coding;protein_coding;protein_coding;protein_coding;protein_coding;protein_coding,-169,Island,Promoter,CMTM3,0.03658506
cg04552418,0.120660510269228,0.0333299987857296,-0.389678887555476,2.77842454078899,0.00719547197976914,0.98583812393876,-2.44930396394023,0.00608221841039722,0.119972812806437,0.0437327770507281,0.816330885335389,chr1,31485397,31485399,,,,OpenSea,Intergenic,SERINC2,0.048387097
cg02096793,-0.121883365023748,-0.00241235578347282,-2.13756201469582,-2.74621039249228,0.00785577040584159,0.98583812393876,-2.51423863063843,0.00609221817621043,-0.122586180797961,0.0446941965390704,0.816330885335389,chr4,689358,689360,SLC49A3,processed_transcript;protein_coding;protein_coding;protein_coding;protein_coding;protein_coding;protein_coding,-87,S_Shore,Promoter,SLC49A3,0
cg01667634,-0.108514401240365,-0.0128011510717416,1.03408795790173,-2.74314357549002,0.00792144539930207,0.98583812393876,-2.52039115240709,0.00614895197629991,-0.109140827146778,0.0398363320882111,0.817033483373184,chr6,31892661,31892663,EHMT2,processed_transcript;protein_coding;protein_coding;protein_coding;protein_coding;retained_intron,525,S_Shelf,Promoter,DDAH2;VWA7,0
cg07871059,-0.183776459902318,-0.00794790992795941,-2.83956562094659,-2.73556075936321,0.00808599639946295,0.98583812393876,-2.53558150267723,0.00629127627558695,-0.184840295177676,0.0676525266315737,0.817033483373184,chr16,67482589,67482591,AGRP;ATP6V0D1;ATP6V0D1-DT,protein_coding;nonsense_mediated_decay;nonsense_mediated_decay;nonsense_mediated_decay;processed_transcript;protein_coding;protein_coding;retained_intron;lncRNA;lncRNA;lncRNA;lncRNA;lncRNA,958,S_Shore,Promoter,ATP6V0D1-DT,0.015896832
cg24555600,0.290687144869505,0.0106353454523497,-4.40677760500487,2.76697754012357,0.00742402865765188,0.98583812393876,-2.47244215009101,0.00629609749791951,0.289023536628453,0.105793917008811,0.817033483373184,chr14,23953746,23953748,DHRS4;DHRS4-AS1,protein_coding;protein_coding;protein_coding;protein_coding;protein_coding;protein_coding;protein_coding;lncRNA;lncRNA;lncRNA;lncRNA;lncRNA;lncRNA;lncRNA;lncRNA;lncRNA;lncRNA;lncRNA;lncRNA;lncRNA;lncRNA;lncRNA;lncRNA;lncRNA;lncRNA;lncRNA;lncRNA,13,Island,Promoter,DHRS4;DHRS4L1;DHRS4L2,0.003263375
cg26250449,0.309381305228709,0.0325911904700896,0.0644337223876814,2.74951124967392,0.00778564183871448,0.98583812393876,-2.50761087396394,0.00663550421365312,0.307599462221049,0.113312826074909,0.822550096583968,chr17,46118540,46118542,KANSL1,processed_transcript;protein_coding;protein_coding;protein_coding;protein_coding;protein_coding;protein_coding;protein_coding;protein_coding;protein_coding;protein_coding;protein_coding;retained_intron;retained_intron,2798,OpenSea,Gene body,ARL17B;KANSL1-AS1;LRRC37A,0
cg06011323,0.13102964818276,0.00908035832733134,3.10055139313302,2.74764232366996,0.00782527736953825,0.98583812393876,-2.51136419804146,0.00667277868264727,0.130274485973764,0.0480230658247913,0.823158240097017,chr6,31677690,31677692,LY6G5C,nonsense_mediated_decay;processed_transcript;processed_transcript;protein_coding;protein_coding;retained_intron,2674,N_Shelf,Gene body,LY6G5C,0.01455973
cg05512157,0.160067343797484,0.0321410752737542,0.4334556566475,2.74287404335474,0.00792724135537978,0.98583812393876,-2.52093163205814,0.00676873305289468,0.159143225127745,0.0587675219683001,0.824205837563527,chr12,50508094,50508096,DIP2B,protein_coding;retained_intron,3110,S_Shelf,Gene body,DIP2B,0.002466114
cg11161150,0.140543730211374,0.000827113800192625,2.13852147912033,2.74005480412557,0.00798809911283789,0.98583812393876,-2.52658254487638,0.00682604757083217,0.139731492597133,0.0516526647512216,0.825158441691958,chr5,98784187,98784189,RGMB,processed_transcript;protein_coding;protein_coding,4343,OpenSea,Gene body,RGMB,0.000311
cg01111842,-0.143960343560676,-0.00342166264986066,-3.47359724878951,-2.7079880184538,0.00871109363913983,0.98583812393876,-2.59055191988482,0.00683412997541955,-0.14480217861637,0.0535348562356588,0.825158441691958,chr9,137550513,137550515,MRPL41;PNPLA7,protein_coding;processed_transcript;protein_coding;protein_coding,-111,N_Shore,Promoter,PNPLA7,0.001231894
cg04467838,0.15208559518105,0.00315674565105926,-4.06166395809369,2.73665205595677,0.00806212324955897,0.98583812393876,-2.53339728254417,0.00689580528093859,0.151205561348632,0.0559640328380012,0.825158441691958,chr17,28744100,28744102,ENSG00000265073;TRAF4,lncRNA;lncRNA;nonsense_mediated_decay;nonsense_mediated_decay;nonsense_mediated_decay;protein_coding;protein_coding;protein_coding;protein_coding;retained_intron;retained_intron;retained_intron,16,Island,Promoter,PIPOX,0.027006228
cg00137016,-0.152077884069115,-0.0209359327333102,-0.641026973629036,-2.70316721361169,0.00882482280909615,0.98583812393876,-2.60012005695849,0.00693325224199314,-0.152968773939196,0.0566544013509689,0.82589071203276,chr19,52171977,52171979,ENSG00000267827;ENSG00000267927;ZNF836,lncRNA;lncRNA;lncRNA;protein_coding;protein_coding;protein_coding,-334,S_Shore,Promoter,ZNF880,0.028006371
cg01055824,-0.236007295776261,-0.00511517282995011,2.63659360480753,-2.69893851746658,0.00892569987203517,0.98583812393876,-2.60850245634431,0.00702126113933219,-0.237392020058844,0.0880588363393738,0.8287282540273,chr14,91352323,91352325,CCDC88C,protein_coding;retained_intron;retained_intron,56435,OpenSea,Gene body,CCDC88C,0.000218
cg17014345,-0.187383192707422,-0.00725387766803799,-3.09278470632133,-2.68617150134974,0.00923669304666536,0.98583812393876,-2.63375014861732,0.00729309128849797,-0.18848785051869,0.0702485560750358,0.830758785964435,chr6,29748408,29748410,HCG9P5;HLA-F-AS1;MICE,unprocessed_pseudogene;lncRNA;lncRNA;transcribed_unprocessed_pseudogene,120,N_Shore,Promoter,HLA-T;HLA-W,0.029752319
cg22230640,0.138244469429364,0.0041833293880616,-3.72835966684496,2.7171803694936,0.00849794303700596,0.98583812393876,-2.57227188992396,0.00730744187100666,0.137438793908615,0.0512353612315811,0.831391638692742,chr6,32838029,32838031,ENSG00000250264;TAP2,protein_coding;protein_coding;protein_coding;protein_coding;protein_coding;protein_coding;protein_coding;retained_intron,373,N_Shore,Promoter,PSMB9,0.014079224
cg24378136,0.0937190171247067,0.0210252551079546,-1.17360087725694,2.71196202719241,0.00861835169690915,0.98583812393876,-2.58265485189494,0.00742144166838398,0.0931717807063813,0.034800431252917,0.832938322672881,chr6,30074426,30074428,RNF39,protein_coding;protein_coding,1343,N_Shore,Promoter,PPP1R11;TRIM26,0.004186814
cg26620356,-0.318736758185873,-0.0121032907054727,-3.62866910286884,-2.68022472547856,0.00938490465626131,0.98583812393876,-2.64547951686646,0.00742290175993357,-0.320619938096742,0.119757148520199,0.832938322672881,chr5,176362234,176362236,KIAA1191,processed_transcript;processed_transcript;processed_transcript;protein_coding;protein_coding;protein_coding;protein_coding;protein_coding;protein_coding;protein_coding;protein_coding;protein_coding;retained_intron,-427,S_Shore,Promoter,KIAA1191,0.007440541
cg04593538,-0.108798737875622,-0.0156420868827557,1.74815982551393,-2.67667748278512,0.00947434377372882,0.98583812393876,-2.65246672210254,0.00750131667444566,-0.1094424010794,0.0409325043491775,0.833807349689525,chr17,43662839,43662841,MEOX1,protein_coding;protein_coding;protein_coding,-917,OpenSea,Promoter,MEOX1,0
cg03570417,-0.199808381254385,-0.00874965443930439,-2.7522759246041,-2.67360408900838,0.00955246402601542,0.98583812393876,-2.65851490668629,0.00756985648104689,-0.200991824609139,0.0752587688423209,0.835160135435746,chr12,131827915,131827917,MMP17,nonsense_mediated_decay;nonsense_mediated_decay;nonsense_mediated_decay;protein_coding,-477,Island,Promoter,MMP17,0
cg26381313,-0.162839751907074,-0.0053172218581195,-0.502291884306322,-2.67219452643933,0.00958848896198819,0.98583812393876,-2.66128705198817,0.00760147854921254,-0.163804742839932,0.0613667137164982,0.836163746082987,chr10,100519697,100519699,ENSG00000255339;SEC31B,nonsense_mediated_decay;nonsense_mediated_decay;nonsense_mediated_decay;nonsense_mediated_decay;nonsense_mediated_decay;nonsense_mediated_decay;nonsense_mediated_decay;nonsense_mediated_decay;nonsense_mediated_decay;protein_coding,138,Island,Promoter,NDUFB8;SEC31B,0
cg26248091,0.227685710655684,0.00874207803926974,4.51831605640207,2.69427132538866,0.00903826084613759,0.98583812393876,-2.6177426143806,0.00781987734365615,0.226347497431476,0.0851010564196327,0.840375856596003,chr1,3907667,3907669,LINC01134,lncRNA;lncRNA;lncRNA;lncRNA,7252,Island,Gene body,LINC01134,0.002567466
cg11532431,-0.416115853687756,-0.0262720813462203,3.2647907285485,-2.65460168036438,0.0100486710615108,0.98583812393876,-2.69579320981434,0.00800623740048598,-0.418598105109686,0.157853931260048,0.84292427124529,chr7,27130054,27130056,ENSG00000273433;HOXA-AS2;HOXA-AS3;HOXA3;HOXA4,lncRNA;lncRNA;lncRNA;processed_transcript;protein_coding;protein_coding;protein_coding;protein_coding;protein_coding;protein_coding;protein_coding,78,N_Shore,Promoter,HOTAIRM1;HOXA1,0
cg00825597,0.123261201123812,0.0125927663466352,2.53677236252864,2.68520272628574,0.0092606910914835,0.98583812393876,-2.63566228899509,0.00803146367699354,0.122534291888284,0.0462263731560803,0.843020000100846,chr10,87356614,87356616,LINC00863;NUTM2D,lncRNA;lncRNA;lncRNA;protein_coding;protein_coding,-1105,S_Shore,Promoter,NUTM2A;NUTM2A-AS1;NUTM2D,0
cg19861048,0.116579410505772,0.0112917014589168,1.99547430501959,2.68490372443013,0.00926810932292482,0.98583812393876,-2.63625234522391,0.00803852638434898,0.115891829282448,0.0437253850288202,0.843020000100846,chr1,1280966,1280968,SCNN1D,nonsense_mediated_decay;processed_transcript;protein_coding;protein_coding;protein_coding;protein_coding;protein_coding,-257,OpenSea,Promoter,AURKAIP1,0.045481736
cg06038342,0.326346611696103,0.0300134405560741,2.8365963796376,2.68040276400677,0.00938043603666504,0.98583812393876,-2.64512864012483,0.00814551729667704,0.324418598857203,0.122608211018151,0.843020000100846,chr13,114099332,114099334,RASA3,protein_coding,33291,S_Shelf,Gene body,CDC16;RASA3,0
cg26224173,0.358651589761026,0.0167654032127951,4.06567252473138,2.67910785619789,0.00941298153592714,0.98583812393876,-2.64768023142514,0.0081765333423469,0.356531699239387,0.134810297508636,0.843020000100846,chr13,28755015,28755017,,,,OpenSea,Intergenic,SLC46A3,0.019394141
cg00929860,-0.219270036611367,-0.00231167615963668,3.35251549123654,-2.64614803489157,0.0102768832268554,0.98583812393876,-2.71231243004612,0.00820751011237727,-0.220582224495163,0.0834460257244486,0.843020000100846,chr10,72086689,72086691,SPOCK2,processed_transcript;protein_coding;protein_coding;protein_coding,1832,N_Shore,Gene body,SPOCK2,0.004424157
cg25843346,-0.0883713380807141,-0.00847054024134014,-1.11027193813849,-2.64280617232462,0.0103683945749643,0.98583812393876,-2.71883169342253,0.0082883172470513,-0.088900851522512,0.0336733731741954,0.843020000100846,chr6,31794777,31794779,VARS1,protein_coding;protein_coding,722,N_Shore,Promoter,DDAH2,0.000977
cg24517323,0.318996555592948,0.0649713228072759,0.235372624606124,2.67159275766078,0.00960390642895049,0.98583812393876,-2.66247019621932,0.00835863309008343,0.317105751181096,0.120242013769298,0.843020000100846,chr17,7324244,7324246,NEURL4,nonsense_mediated_decay;nonsense_mediated_decay;protein_coding;protein_coding;protein_coding;protein_coding;retained_intron;retained_intron,126,Island,Promoter,ACAP1;NEURL4,0.000901
cg03676485,0.129027537275865,0.0312903576109217,0.321983442898502,2.66987073275335,0.00964815025934129,0.98583812393876,-2.6658547745984,0.00840086727757222,0.12826225255224,0.0486667873730488,0.843099735980288,chr7,2524181,2524183,LFNG,protein_coding;protein_coding;protein_coding;protein_coding;protein_coding;retained_intron,589,Island,Promoter,LFNG;TTYH3,6.17e-05
cg03957481,-0.258192098115333,-0.00558888256446186,-5.68655174111431,-2.63558616972313,0.0105686421180603,0.98583812393876,-2.73289496317718,0.00846533359859063,-0.259743400990847,0.0986520766234473,0.844841757984525,chr22,50548532,50548534,KLHDC7B,protein_coding;protein_coding,500,Island,Promoter,KLHDC7B,0.045107217
cg13252583,-0.150059442180822,-0.00589848696932675,-4.06997328057393,-2.63185118005141,0.0106736089906249,0.98583812393876,-2.74015854273923,0.00855822661031172,-0.150962328079613,0.0574172653681464,0.844967069727736,chr19,36418928,36418930,ZFP82,protein_coding,-284,Island,Promoter,LINC00665;ZFP82,9.14e-06
cg06295223,-0.564199019415453,-0.0392606653150596,-2.68727309260186,-2.63089650212323,0.0107005908170134,0.98583812393876,-2.74201388102225,0.00858211619596776,-0.567594954925083,0.215957886362607,0.844967069727736,chr16,90077342,90077344,PRDM7,nonsense_mediated_decay;nonsense_mediated_decay;processed_transcript;protein_coding,-11,Island,Promoter,FAM157C,0
cg04442638,-0.380287135302694,-0.0169143575872851,-3.04990508001464,-2.63007511525135,0.0107238551531204,0.98583812393876,-2.74360976795238,0.00860271803767352,-0.382576812992701,0.145607580881126,0.844967069727736,chr17,75877741,75877743,ENSG00000267801;TRIM47,lncRNA;nonsense_mediated_decay;protein_coding;protein_coding;retained_intron;retained_intron,455,Island,Promoter,TRIM47,0
cg07368127,0.157576814616858,0.0206505481999237,1.6900231944945,2.66001414961151,0.0099049941056214,0.98583812393876,-2.68519573149992,0.00864630209332791,0.156638735990337,0.0596552781556083,0.844967069727736,chr17,46153627,46153629,KANSL1,processed_transcript;processed_transcript;processed_transcript;processed_transcript;protein_coding;protein_coding;protein_coding;protein_coding;protein_coding;protein_coding;protein_coding;protein_coding;protein_coding;protein_coding;protein_coding;retained_intron;retained_intron,17596,OpenSea,Gene body,ARL17B;KANSL1;KANSL1-AS1;LRRC37A,0
cg18984724,-0.184189971015033,0.000131090572344311,-2.8644560871716,-2.62735185606891,0.0108013164509758,0.98583812393876,-2.74889811433816,0.00867133885399088,-0.185300113217139,0.0705973251991473,0.846085440294389,chr2,219434881,219434883,SPEG,protein_coding,39,Island,Promoter,SPEG,0.000639
cg15173319,0.176789326149548,0.0251561817871996,0.424079012355622,2.65808735646361,0.00995592568142434,0.98583812393876,-2.68897022115182,0.00869502258481838,0.175736109631981,0.0669772474686322,0.846791196548383,chr19,45590771,45590773,GPR4;OPA3,protein_coding;protein_coding,11441,N_Shore,Gene body,EML2,0.036665554
cg01637125,0.255939516108972,0.028934090720146,2.2221464461163,2.6515179725042,0.0101313771121349,0.98583812393876,-2.70182370396087,0.00886298425955329,0.254410987259401,0.0972038069219936,0.846791196548383,chr14,77121039,77121041,ENSG00000259164;TMEM63C,nonsense_mediated_decay;protein_coding,4472,N_Shelf,Gene body,TMEM63C,0.028975824
cg08961196,-0.170228589804927,-0.00469735007153416,2.90642980993719,-2.61820278698087,0.0110652996490524,0.98583812393876,-2.76663419360562,0.00890547432324954,-0.171258169789963,0.0654741283452505,0.846791196548383,chr8,8891983,8891985,MFHAS1,protein_coding,1647,Island,Gene body,MFHAS1,0
cg17594860,-0.808002163355238,-0.0258084596539214,-4.47432904357534,-2.61741614126097,0.0110882689723599,0.98583812393876,-2.76815694940089,0.00892586676317867,-0.812890607057142,0.310871029933316,0.846791196548383,chr1,19288863,19288865,AKR7A3,protein_coding,-93,Island,Promoter,AKR7A3,0.003514589
cg10755044,0.159098539765815,0.0079866691544459,3.40540153170281,2.64593693826596,0.0102826419054449,0.98583812393876,-2.71272442012971,0.00900794719545761,0.158146363010705,0.060551821109142,0.847669983311706,chr19,10114083,10114085,P2RY11;PPAN-P2RY11,protein_coding;protein_coding;protein_coding,2391,Island,Gene body,P2RY11,0.005887661
cg09618385,-0.0794095656164455,-0.00550183318125008,1.32200158208507,-2.60724920625223,0.0113890613265496,0.98583812393876,-2.78780613279269,0.00919320520647172,-0.0798918699311847,0.0306712009398597,0.850516118666191,chr16,87831219,87831221,SLC7A5,protein_coding;protein_coding,32420,OpenSea,Gene body,SLC7A5,0.004529556
cg19246654,-0.182746947431316,-0.0143443679123448,1.27225207278386,-2.59950249195318,0.0116232085256063,0.98583812393876,-2.80273848285996,0.00940167749958512,-0.183860192458807,0.0707946433196124,0.850576871942427,chr7,139635713,139635715,HIPK2,protein_coding;protein_coding;protein_coding,81300,OpenSea,Gene body,HIPK2,0.004001425
cg22510337,-0.313432694672661,-0.00797073571304333,-3.92805671489764,-2.59750102662738,0.0116844102644788,0.98583812393876,-2.8065909037063,0.00945622002655677,-0.315343513181282,0.121514771165196,0.851342363250426,chr19,57888598,57888600,ENSG00000269476;ZNF814,nonsense_mediated_decay;nonsense_mediated_decay;nonsense_mediated_decay;processed_transcript;protein_coding;protein_coding;protein_coding;protein_coding;protein_coding;protein_coding;protein_coding;protein_coding,182,Island,Promoter,ZNF154;ZNF256;ZNF417;ZNF418;ZNF551;ZNF587B;ZNF606;ZNF606-AS1;ZNF671;ZNF814;ZSCAN18,0
cg13803976,0.135166950106644,0.0158077566085225,-2.27629627149719,2.61977751899736,0.011019448933916,0.98583812393876,-2.76358484149743,0.0097160200758766,0.134349922042808,0.0519573040373151,0.856081777746913,chr2,86789005,86789007,CD8A,processed_transcript;protein_coding;protein_coding;protein_coding;protein_coding;protein_coding;retained_intron;retained_intron,273,Island,Promoter,CD8A;CD8B,0
cg22084806,-0.224367000749817,-0.00711253676929238,-3.75598067556207,-2.58190971859118,0.0121712799693239,0.98583812393876,-2.83652286278709,0.00989085626961148,-0.225743096966909,0.0875101513654354,0.856613141220625,chr2,113503692,113503694,,,,Island,Intergenic,ZNG1B,0.006597068
cg15090834,0.126763605784714,0.019644077707172,-1.84989625981877,2.60814790326677,0.0113621772606285,0.98583812393876,-2.78607162263361,0.010046433972598,0.125993955846036,0.0489443846989073,0.856613141220625,chr20,329356,329358,NRSN2-AS1;SOX12,lncRNA;lncRNA;protein_coding,3805,S_Shore,Gene body,SOX12,0
cg10944833,-0.16946373991842,-0.0110351016223276,-2.81162689110567,-2.57462161269704,0.0124051187396438,0.98583812393876,-2.85046680547493,0.0101000629462329,-0.170506043540049,0.0662832631647057,0.856613141220625,chr6,17702228,17702230,NUP153,protein_coding;protein_coding;protein_coding,4606,N_Shelf,Gene body,NUP153,0.000129
cg12355110,-0.135129909169762,-0.0121760264602224,-1.95941045529616,-2.57207468069698,0.0124877928628808,0.98583812393876,-2.85533253726899,0.0101740969794623,-0.135961862149028,0.0529064248852389,0.856613141220625,chr19,57106385,57106387,,,,Island,Intergenic,ZNF304,0.000696
cg04678462,0.158073125292946,0.00752555139433486,3.0413355066368,2.60322338109311,0.0115102028634437,0.98583812393876,-2.79557045787466,0.0101893367717889,0.15711156288942,0.0611486830896699,0.856613141220625,chr8,142479459,142479461,ADGRB1,nonsense_mediated_decay;protein_coding;protein_coding;protein_coding;retained_intron,340,S_Shore,Promoter,ADGRB1,0.003748503
cg16700924,0.528916082893883,0.0167482706382003,-4.63033797879763,2.6025451182639,0.0115307274168109,0.98583812393876,-2.79687766912101,0.0102091601500486,0.525697835869374,0.204658134182733,0.856613141220625,chr1,147080552,147080554,,,,N_Shore,Intergenic,PRKAB2,0.005988732
cg12422154,0.198867150016723,0.0045333486546385,0.357307971656538,2.60127978206743,0.0115691059982839,0.98583812393876,-2.79931564369534,0.0102462335288992,0.197656532774374,0.0769868391523997,0.856613141220625,chr6,30163041,30163043,TRIM15,protein_coding;protein_coding,-164,OpenSea,Promoter,HLA-K;HLA-L;HLA-U;HLA-W,0
cg16214269,-0.350551382819823,-0.0301835092750915,3.3681246329526,-2.56831989079378,0.0126105857153682,0.98583812393876,-2.86249900694533,0.010284122165542,-0.352712774324215,0.137449471454051,0.85672641825936,chr2,178532022,178532024,TTN;TTN-AS1,protein_coding;protein_coding;protein_coding;protein_coding;protein_coding;protein_coding;lncRNA;lncRNA;lncRNA;lncRNA;lncRNA;lncRNA;lncRNA;lncRNA;lncRNA;lncRNA;lncRNA;lncRNA;lncRNA;lncRNA;lncRNA;lncRNA;lncRNA;lncRNA;lncRNA;lncRNA;lncRNA;lncRNA;lncRNA;lncRNA;lncRNA;lncRNA;lncRNA;lncRNA;lncRNA;lncRNA;lncRNA;lncRNA;lncRNA;lncRNA;lncRNA;lncRNA;lncRNA;lncRNA;lncRNA;lncRNA;lncRNA;lncRNA;lncRNA,3258,OpenSea,Gene body,TTN-AS1,0.004084173
cg16611967,-1.01017961368882,-0.025843566428708,-4.36084674898159,-2.56780902370047,0.0126273769183157,0.98583812393876,-2.86347343282474,0.0102991734691684,-1.01640930819124,0.396165255085405,0.85672641825936,chr16,90077597,90077599,PRDM7,processed_transcript;protein_coding,-266,Island,Promoter,FAM157C,0
cg06479607,-0.0966466779661753,-0.0129743503697709,1.3194561375597,-2.56649851902495,0.0126705433577545,0.98583812393876,-2.86597239863625,0.0103378736030628,-0.0972429944071067,0.0379215794356608,0.85672641825936,chr17,81054968,81054970,BAIAP2,nonsense_mediated_decay;nonsense_mediated_decay;processed_transcript;processed_transcript;processed_transcript;protein_coding;protein_coding;protein_coding;protein_coding;protein_coding;protein_coding;protein_coding;protein_coding;protein_coding;protein_coding;retained_intron,-1393,N_Shore,Promoter,BAIAP2,0.010260824
cg12568707,-0.128458257579929,-0.00776574873384894,2.53498328269188,-2.56602957463659,0.0126860222814917,0.98583812393876,-2.86686637621488,0.010351753272188,-0.129250998433814,0.050412806354217,0.856804614409877,chr19,18932094,18932096,ENSG00000268193;HOMER3,nonsense_mediated_decay;nonsense_mediated_decay;protein_coding;protein_coding;protein_coding;protein_coding;protein_coding;protein_coding;protein_coding;protein_coding;retained_intron,953,Island,Promoter,HOMER3,8.54e-05
cg00395995,0.191764257908667,0.0205098204276394,2.71229402391383,2.59014689206489,0.0119118102847951,0.98583812393876,-2.82072654590971,0.0105776191072666,0.190591862415068,0.0745562016889935,0.857745553022672,chr8,724958,724960,ERICH1,processed_transcript;protein_coding;protein_coding,6239,OpenSea,Gene body,ERICH1,0.000532
cg09093485,0.243503947853198,0.0198929816163669,2.56133561255198,2.58989242351802,0.0119197502437073,0.98583812393876,-2.82121511688742,0.0105853038831481,0.242015083430657,0.094681425150943,0.857770119576153,chr6,30071104,30071106,RNF39,protein_coding;protein_coding,4665,Island,Gene body,POLR1H,0.000452
cg09655952,0.196609179279137,0.00924443581209078,-3.78969967611867,2.58471154147767,0.0120824529838355,0.98583812393876,-2.83115419565516,0.0107428464248427,0.195404635528053,0.0766006073371258,0.85968795928651,chr3,71784479,71784481,ENSG00000287131;PROK2,lncRNA;protein_coding;protein_coding,669,N_Shore,Promoter,EIF4E3;PROK2,6.17e-05
cg26935333,-0.198811362341089,-0.0264768010535187,-0.237718940622163,-2.55208487077141,0.0131542127156823,0.98583812393876,-2.89339218587335,0.010772135587917,-0.200044969721672,0.0784488520929094,0.859996924661554,chr16,90082553,90082555,PRDM7,processed_transcript,9519,S_Shore,Gene body,FAM157C,0.000491
cg26757673,-0.122404698458021,-0.0174250159496107,1.67384030763768,-2.55172667192139,0.0131664426523782,0.98583812393876,-2.89407208026877,0.0107831310927319,-0.123164315686144,0.0483063740654227,0.859996924661554,chr22,37149382,37149384,IL2RB,nonsense_mediated_decay;nonsense_mediated_decay;nonsense_mediated_decay;processed_transcript;protein_coding;protein_coding;protein_coding;protein_coding;protein_coding;protein_coding;protein_coding;protein_coding;protein_coding;protein_coding;protein_coding;protein_coding;retained_intron,515,OpenSea,Promoter,IL2RB;TMPRSS6,0.00461789
cg24850474,-0.0922046169188265,-0.0118687565152558,0.798082496946057,-2.55042163920886,0.0132110873404345,0.98583812393876,-2.89654852602293,0.0108232756688575,-0.0927771117289909,0.0364066893514521,0.860208672084116,chr19,19661876,19661878,ATP13A1,processed_transcript;protein_coding;protein_coding;protein_coding,240,N_Shore,Promoter,ATP13A1,0.002769553
cg27112264,-0.206136209154755,-0.00637055436381828,-3.35205513658707,-2.54633803082615,0.0133516727980245,0.98583812393876,-2.90429127550791,0.0109497526020065,-0.207418153288504,0.081522733507308,0.860875491737185,chr19,57889135,57889137,ENSG00000269476;ZNF814,nonsense_mediated_decay;nonsense_mediated_decay;nonsense_mediated_decay;processed_transcript;protein_coding;protein_coding;protein_coding;protein_coding;protein_coding;protein_coding;protein_coding;protein_coding,-61,S_Shore,Promoter,ZNF154;ZNF256;ZNF417;ZNF418;ZNF551;ZNF587B;ZNF606;ZNF606-AS1;ZNF671;ZNF814;ZSCAN18,0
cg10363337,0.121849022874935,0.0102981217735767,3.18361739028227,2.56828969033417,0.0126115777823016,0.98583812393876,-2.86255661535198,0.0112560738872276,0.121097730617501,0.0477769638133022,0.861492212732942,chr8,143809756,143809758,SCRIB,protein_coding;protein_coding;protein_coding;protein_coding;protein_coding,-1079,Island,Promoter,SCRIB,0
cg26929012,-0.26517254989331,-0.00701353474036167,-4.95083287442482,-2.53344578183091,0.0138044401098847,0.98583812393876,-2.92867238212912,0.0113577110566317,-0.266830028078323,0.105404088067226,0.861685427797832,chr19,57477491,57477493,ENSG00000268163;ENSG00000268266;ZNF772,processed_transcript;protein_coding;lncRNA;lncRNA;nonsense_mediated_decay;protein_coding;protein_coding;protein_coding;protein_coding;protein_coding;protein_coding;protein_coding,12,OpenSea,Promoter,ZIK1;ZNF134;ZNF154;ZNF211;ZNF304;ZNF551;ZNF772,0
cg11642106,-0.216868842697457,0.000495606550979383,-2.60542790055485,-2.53246341886547,0.0138395028777209,0.98583812393876,-2.93052622231208,0.0113893429948227,-0.218224921264268,0.0862371679908275,0.861867836411082,chr3,27731313,27731315,,,,S_Shore,Intergenic,EOMES,0
cg21856784,0.105698395494944,0.0144031060709682,0.813660864099384,2.55942486476314,0.0129058585617711,0.98583812393876,-2.87944390724179,0.0115420764669846,0.105044426918571,0.0415878543925529,0.862720886185022,chr6,30163436,30163438,TRIM15,protein_coding;protein_coding,-109,OpenSea,Promoter,HLA-A;HLA-K;HLA-L;HLA-U;HLA-W;POLR1HASP,0
cg18419045,-0.132416841938865,-0.0035287648620399,-4.04195570801849,-2.52119940714164,0.0142473341202687,0.98583812393876,-2.95174272603646,0.0117576709080039,-0.133248542319817,0.0528903613888042,0.863588078726795,chr6,32108369,32108371,ENSG00000284829;ENSG00000286974;TNXB,lncRNA;lncRNA;protein_coding;protein_coding;protein_coding;protein_coding;protein_coding;retained_intron,-36,OpenSea,Promoter,TNXA;TNXB,9.58e-06
cg08698605,0.137356208162274,0.0162954040928616,-1.97631476522873,2.5527966538034,0.0131299409213811,0.98583812393876,-2.89204093638252,0.0117601148233204,0.136504162358275,0.0541841888321804,0.863588078726795,chr19,8208758,8208760,CERS4,processed_transcript;processed_transcript;processed_transcript;protein_coding;protein_coding;protein_coding;protein_coding;protein_coding;protein_coding;protein_coding;protein_coding;retained_intron,-544,Island,Promoter,CERS4,0
cg26290716,-0.0797303975950476,-0.00364910606209845,-0.615719295319544,-2.51580860302899,0.0144463319366874,0.98583812393876,-2.96187052900354,0.0119376568772655,-0.0802322513785226,0.0319144112233603,0.864663217564351,chr14,91396468,91396470,CCDC88C,processed_transcript;protein_coding;protein_coding;protein_coding;retained_intron;retained_intron,12290,OpenSea,Gene body,CCDC88C,0
cg00501876,-0.0827881003059988,0.0056361324967813,0.30842476277526,-2.5157813806858,0.0144473431683372,0.98583812393876,-2.96192162912679,0.0119385719307594,-0.083309206084835,0.0331387042685866,0.864663217564351,chr3,39151759,39151761,CSRNP1;ENSG00000283849;ENSG00000284669,protein_coding;protein_coding;lncRNA;lncRNA,-1146,N_Shore,Promoter,CSRNP1,0
cg11384744,0.124158285838337,0.0250459877834184,-1.05404509283626,2.54552840801299,0.0133797058086581,0.98583812393876,-2.90582522077641,0.0120033999481553,0.123385910087178,0.0491177274200799,0.865560496681076,chr7,16754997,16754999,TSPAN13,protein_coding,1243,S_Shore,Promoter,TSPAN13,0.024596335
cg04252928,-0.328631574911872,-0.0496709891252586,0.918061690099022,-2.51207321409957,0.0145856896932286,0.98583812393876,-2.9688783320859,0.0120638011573696,-0.330703184279152,0.131739951791847,0.866294659280813,chr16,89102190,89102192,ACSF3,nonsense_mediated_decay;nonsense_mediated_decay;protein_coding;protein_coding;protein_coding;protein_coding;protein_coding;protein_coding;protein_coding;protein_coding;protein_coding;protein_coding,-161,S_Shore,Promoter,ACSF3,0
cg24815529,0.152722189153544,0.00447346787050666,-3.98512618995474,2.54302224580847,0.0134668190658174,0.98583812393876,-2.91057109756278,0.0120883156044317,0.151771184040036,0.0604773128497344,0.866393199509534,chr19,55080973,55080975,EPS8L1,nonsense_mediated_decay;processed_transcript;protein_coding;protein_coding;protein_coding;protein_coding;protein_coding;retained_intron;retained_intron;retained_intron;retained_intron;retained_intron;retained_intron,-58,Island,Promoter,EPS8L1,0.01132309
cg01960300,-0.0907834373032378,-0.00500980378746774,2.00468363072048,-2.50634938613357,0.0148015863999931,0.98583812393876,-2.97960074915897,0.0122593878505368,-0.0913570197883769,0.0364758579172041,0.866930856978673,chr1,145708048,145708050,PDZK1,protein_coding;protein_coding;protein_coding,100,OpenSea,Promoter,CD160,0.031897073
cg27371091,-0.122607873889016,-0.00272562945122329,-2.41022963394362,-2.50251921430277,0.0149476624530242,0.98583812393876,-2.98676509000204,0.0123918311756977,-0.123383713254466,0.0493379892063276,0.867648970009069,chr19,57633715,57633717,ZNF211,nonsense_mediated_decay;nonsense_mediated_decay;protein_coding;protein_coding;protein_coding;protein_coding;protein_coding;protein_coding;protein_coding;retained_intron;retained_intron;retained_intron,491,S_Shore,Promoter,ZIK1;ZNF134;ZNF154;ZNF211;ZNF419;ZNF551;ZNF587B;ZNF671;ZNF772;ZNF773,0
cg17174023,-0.317298896975614,-0.0188318913193336,-2.86611093410713,-2.49818010760577,0.015114718510829,0.98583812393876,-2.99487101524407,0.0125434026909544,-0.319310191573968,0.12790435185869,0.868534770093966,chr22,50549023,50549025,KLHDC7B,protein_coding;protein_coding,991,Island,Promoter,KLHDC7B,0
cg12480903,-0.163371500986883,-5.60313695138481e-05,-2.00542315044318,-2.49471000802732,0.0152495272941484,0.98583812393876,-3.00134559696546,0.0126657974393375,-0.164408520911217,0.0659472567544221,0.868864576661222,chr1,167454727,167454729,CD247;ENSG00000287218,nonsense_mediated_decay;nonsense_mediated_decay;processed_transcript;processed_transcript;processed_transcript;protein_coding;protein_coding;protein_coding;protein_coding;protein_coding;protein_coding;protein_coding;protein_coding;protein_coding;protein_coding;protein_coding;protein_coding;protein_coding;retained_intron;retained_intron;retained_intron;retained_intron;retained_intron;retained_intron;lncRNA,-467,N_Shore,Promoter,CD247,0
cg06615754,-0.306889407726974,-0.0142047740313209,-1.72134338801741,-2.49138140665921,0.0153798566367624,0.98583812393876,-3.00754952790211,0.0127841935465934,-0.308840027179101,0.124045834434941,0.870323911351848,chr19,57681702,57681704,ENSG00000269026;ZNF551,processed_transcript;protein_coding;processed_transcript;protein_coding;protein_coding;protein_coding,-266,N_Shore,Promoter,ZIK1;ZNF134;ZNF154;ZNF211;ZNF416;ZNF417;ZNF419;ZNF530;ZNF549;ZNF550;ZNF551;ZNF587B;ZNF671;ZNF772;ZNF773;ZNF814,0
cg08696107,0.300546437459724,0.0365469774409224,-0.862755906852858,2.51759949460905,0.0143799457182354,0.98583812393876,-2.95850782701615,0.0129802648429948,0.298656028302326,0.120216878334283,0.871039321119972,chr6,29792171,29792173,HCG4;HLA-V,unprocessed_pseudogene;processed_transcript;processed_transcript;processed_transcript;transcribed_unprocessed_pseudogene,-51,Island,Promoter,HLA-U,0.014688957
cg15815375,-0.0826215874465687,-0.0105993056477852,1.65019104871862,-2.4842580154118,0.0156621473375867,0.98583812393876,-3.02080440682729,0.0130408636487874,-0.0831482442586977,0.0334917113894946,0.871039321119972,chr20,17613884,17613886,RRBP1,protein_coding;protein_coding;protein_coding;protein_coding;protein_coding;retained_intron,5933,N_Shore,Gene body,BFSP1,0.010240084
cg05701418,0.22119658386085,0.0280536688292952,0.191573678270819,2.51377715947212,0.0145219700292367,0.98583812393876,-2.9656826433186,0.0131192881677881,0.219803162350924,0.0886119195262503,0.871530096765073,chr6,30163583,30163585,TRIM15,protein_coding;protein_coding,38,OpenSea,Promoter,HCG18;HLA-A;HLA-K;HLA-L;HLA-U;HLA-W,0
cg24220766,-0.0965728347641547,-0.00198447770501834,-5.16175287194437,-2.47945072799141,0.0158552828114293,0.98583812393876,-3.02973270911422,0.0132166456699646,-0.097189614885526,0.0392229272270099,0.872020721039642,chr17,42824495,42824497,BECN1;MIR6781;PSME3,nonsense_mediated_decay;protein_coding;protein_coding;protein_coding;protein_coding;protein_coding;protein_coding;retained_intron;retained_intron;retained_intron;retained_intron;retained_intron;miRNA;processed_transcript;protein_coding,70,S_Shore,Promoter,EZH1,0.021313848
cg06659419,-0.224720316290665,-0.00623395142728449,-4.46439047127278,-2.47935464560281,0.015859164741222,0.98583812393876,-3.02991101869127,0.0132201802448795,-0.226155589424932,0.0912733918386872,0.872028784802693,chr12,43758768,43758770,IRAK4;PUS7L,nonsense_mediated_decay;nonsense_mediated_decay;nonsense_mediated_decay;nonsense_mediated_decay;nonsense_mediated_decay;nonsense_mediated_decay;nonsense_mediated_decay;nonsense_mediated_decay;processed_transcript;protein_coding;protein_coding;protein_coding;protein_coding;retained_intron;non_stop_decay;protein_coding;protein_coding;protein_coding;protein_coding;protein_coding;protein_coding;protein_coding,-1,Island,Promoter,IRAK4,0.001842959
cg03228773,-0.133738174658819,-0.00995372670380457,2.05793990857719,-2.47911432421271,0.0158688779764406,0.98583812393876,-3.0303569829989,0.0132290245876613,-0.134592433942927,0.054324950776772,0.872160842024138,chr6,31659733,31659735,C6orf47;C6orf47-AS1,protein_coding;lncRNA,1045,N_Shore,Promoter,AIF1,0.012252298
cg07786220,-0.133755774838325,-0.0130265947246769,-0.697092395369936,-2.47621055760235,0.0159866656192391,0.98583812393876,-3.03574280977608,0.0133363036223369,-0.134611148436657,0.0543958134135166,0.872900590026027,chr17,80709281,80709283,RPTOR,nonsense_mediated_decay;processed_transcript;processed_transcript;protein_coding;protein_coding;protein_coding;protein_coding;retained_intron,349,OpenSea,Promoter,RPTOR,0
cg05190557,-0.226609894464271,-0.00782060954778976,-4.39874694438047,-2.47599904630349,0.0159952759854568,0.98583812393876,-3.03613492080571,0.0133441478243078,-0.228059197714606,0.0921656096687096,0.872900590026027,chr5,179698340,179698342,CANX,nonsense_mediated_decay;nonsense_mediated_decay;nonsense_mediated_decay;nonsense_mediated_decay;nonsense_mediated_decay;nonsense_mediated_decay;nonsense_mediated_decay;nonsense_mediated_decay;nonsense_mediated_decay;nonsense_mediated_decay;nonsense_mediated_decay;protein_coding;protein_coding;protein_coding;protein_coding;protein_coding;protein_coding;protein_coding;protein_coding;protein_coding;protein_coding;protein_coding;protein_coding;protein_coding;protein_coding;protein_coding;protein_coding;protein_coding;protein_coding;protein_coding;protein_coding;protein_coding;protein_coding;protein_coding;protein_coding;protein_coding;protein_coding;protein_coding;protein_coding;protein_coding;retained_intron;retained_intron;retained_intron;retained_intron,-64,Island,Promoter,MGAT4B,0.049204545
cg19482086,-0.119688960165156,-0.0016299758954917,-5.27721364752849,-2.47527842453324,0.0160246429666682,0.98583812393876,-3.03747065004647,0.0133709037481245,-0.12045466415184,0.0486934495883942,0.873010454055973,chr6,159790404,159790406,MRPL18;TCP1,processed_transcript;processed_transcript;processed_transcript;protein_coding;nonsense_mediated_decay;nonsense_mediated_decay;processed_transcript;processed_transcript;protein_coding;protein_coding;protein_coding;protein_coding;protein_coding;protein_coding;protein_coding;retained_intron,-62,Island,Promoter,MRPL18,0.001174633
cg00974415,0.123483715978251,0.00327571992409977,-4.35509061303983,2.50322281719377,0.0149207311530318,0.98583812393876,-2.98544964377839,0.0135100242610973,0.12270255408001,0.0496764652840513,0.873010454055973,chr14,77181663,77181665,ENSG00000259164;TMEM63C,nonsense_mediated_decay;protein_coding;protein_coding;protein_coding;protein_coding;protein_coding;protein_coding;retained_intron,41,N_Shore,Promoter,TMEM63C,0.025968089
cg11780382,0.113124437002109,0.00229882479787347,-4.99401314086477,2.49006488180757,0.0154316808157633,0.98583812393876,-3.01000150412507,0.0140115253498643,0.112405026724029,0.045749491602839,0.875413531211992,chr6,24719583,24719585,C6orf62;ENSG00000288851,protein_coding;protein_coding;lncRNA,415,N_Shore,Promoter,TDP2,0.002583947
cg12855310,0.104066490441127,0.0161118220162463,1.12809933078404,2.4896120669454,0.0154495419305029,0.98583812393876,-3.01084461875995,0.014029072614151,0.103404563437044,0.0420939550597576,0.875529544033165,chr10,132401530,132401532,PWWP2B,protein_coding;protein_coding,4331,N_Shelf,Gene body,PWWP2B,0.033348988
cg24188163,0.228811988909378,0.031423807161471,1.85680849197108,2.48890364657645,0.0154775226844539,0.98583812393876,-3.01216341405222,0.0140565638907085,0.227356189419453,0.0925787253381434,0.875626169097032,chr8,39924498,39924500,ENSG00000253939;IDO1,lncRNA;nonsense_mediated_decay;protein_coding;protein_coding;retained_intron,-221,OpenSea,Promoter,IDO1,2.72e-05
cg02119840,0.244093193224006,0.0070750544583013,-4.04504426080505,2.48848385492937,0.0154941248976285,0.98583812393876,-3.01294475893556,0.0140728769380294,0.242539906207316,0.0987782542064368,0.875626169097032,chr7,150323810,150323812,ACTR3C;LRRC61;ZBED10P,protein_coding;protein_coding;protein_coding;protein_coding;protein_coding;protein_coding;protein_coding;processed_transcript;processed_transcript,-85,S_Shore,Promoter,LRRC61;ZBED10P,0
cg04731544,-0.152798963066265,-0.0049206105646204,-1.07784232885762,-2.45299931947212,0.01695684850345,0.98583812393876,-3.07861521137106,0.0142218400002538,-0.153785364852466,0.0627282951187736,0.876046077680537,chr19,48501576,48501578,LMTK3,nonsense_mediated_decay;protein_coding;protein_coding;protein_coding;protein_coding,261,Island,Promoter,LMTK3,0.000913
cg09336922,0.168094203747473,0.0278537963201955,1.73595019421624,2.47985103194503,0.0158391188996486,0.98583812393876,-3.02898976697267,0.0144120722395691,0.167020812583104,0.0682602147302479,0.87705605603861,chr11,790794,790796,CEND1;SLC25A22,processed_transcript;protein_coding;protein_coding;protein_coding,-681,S_Shore,Promoter,GATD1-DT,0.043885268
cg08021797,-0.109245815143219,-0.00433164584558982,-0.24577483309357,-2.44006137654043,0.0175203006066934,0.98583812393876,-3.10237353327078,0.0147376259517454,-0.109954796686848,0.0450862966031492,0.879678814608403,chr16,85751523,85751525,C16orf74,processed_transcript;protein_coding;protein_coding;protein_coding;protein_coding;protein_coding,-394,Island,Promoter,C16orf74,0
cg09942999,-0.115569664249635,-0.00448470538551363,-1.67446765714743,-2.43890497106062,0.0175714717813391,0.98583812393876,-3.10449222194122,0.0147845202925603,-0.116320041818965,0.0477187960097792,0.879678814608403,chr1,32241787,32241789,EIF3I;ENSG00000290045;MTMR9LP,protein_coding;lncRNA;processed_transcript;processed_transcript;processed_transcript;processed_transcript;processed_transcript;processed_transcript;processed_transcript;processed_transcript;processed_transcript;processed_transcript;processed_transcript;processed_transcript;processed_transcript;processed_transcript;processed_transcript;processed_transcript;processed_transcript;processed_transcript;processed_transcript;processed_transcript;processed_transcript;processed_transcript;processed_transcript;processed_transcript;processed_transcript;processed_transcript;processed_transcript;processed_transcript;processed_transcript;processed_transcript;processed_transcript;processed_transcript;processed_transcript;processed_transcript;processed_transcript;processed_transcript;processed_transcript;processed_transcript;processed_transcript;processed_transcript;processed_transcript;processed_transcript;processed_transcript;processed_transcript;processed_transcript;processed_transcript;processed_transcript;processed_transcript;processed_transcript;processed_transcript;processed_transcript;processed_transcript;processed_transcript;processed_transcript;processed_transcript;transcribed_unprocessed_pseudogene,-77,S_Shore,Promoter,MTMR9LP,0
cg18766586,0.168607928438015,0.0111715786726838,1.80158785325683,2.46591054127005,0.0164108462739122,0.98583812393876,-3.05480684911595,0.0149750473090826,0.167525170076651,0.0688559033286734,0.880844104616671,chr12,131817572,131817574,,,,OpenSea,Intergenic,MMP17,0
cg15148683,-0.188474102389691,-0.0249785589325027,-1.70942231964351,-2.43409899147264,0.0177855775324634,0.98583812393876,-3.11328886958648,0.0149808233052986,-0.189700254409765,0.0779747430018704,0.880844104616671,chr19,36245969,36245971,ZNF565,protein_coding,288,Island,Promoter,LINC00665;ZFP14;ZFP82,0
cg12251145,0.108003010227412,0.00971120613538901,2.12024196654324,2.46039807113882,0.016641998754489,0.98583812393876,-3.06498396204546,0.0152029540706231,0.107307887716408,0.0442049584904399,0.882571571113101,chr6,30156966,30156968,TRIM10,protein_coding;protein_coding,3968,OpenSea,Gene body,TRIM26,0.000926
cg27160007,-0.160313850140739,-0.00884644953631974,1.30811616416444,-2.42808232622725,0.0180569170912202,0.98583812393876,-3.1242820590245,0.015229811570395,-0.161359384976114,0.0664887458921578,0.882571665128182,chr19,40719468,40719470,COQ8B;ITPKC,protein_coding;retained_intron;nonsense_mediated_decay;protein_coding;protein_coding;protein_coding,-1261,S_Shelf,Promoter,LTBP4,0.047402495
cg07953935,0.13649702263489,0.0151299769463532,2.20929798650003,2.45962676213725,0.0166745741964351,0.98583812393876,-3.06640651577602,0.0152350853179973,0.135618233175166,0.0558848993867985,0.882612443048587,chr19,3482934,3482936,SMIM44,protein_coding,507,Island,Promoter,SMIM24,0.014603616
cg04062087,-0.185460351656683,-0.0199012740458063,-1.51039792356097,-2.42666572341875,0.0181213405377249,0.98583812393876,-3.12686721941125,0.0152889622688893,-0.186670593025061,0.0769629361813231,0.88322803955805,chr19,58155464,58155466,ENSG00000286632;ZNF329,lncRNA;nonsense_mediated_decay;protein_coding,-354,Island,Promoter,ZNF256;ZNF274;ZNF329;ZNF418;ZNF544;ZNF606-AS1;ZSCAN18,0
cg22352176,-0.322546757833372,-0.0102386712364998,1.44929394647829,-2.42650061054907,0.0181288628412442,0.98583812393876,-3.12716845598854,0.0152958697528858,-0.324651714436492,0.133860604126836,0.88322803955805,chr1,222814502,222814504,DISP1,nonsense_mediated_decay;nonsense_mediated_decay;nonsense_mediated_decay;processed_transcript;processed_transcript;processed_transcript;processed_transcript;processed_transcript;processed_transcript;processed_transcript;processed_transcript;processed_transcript;processed_transcript;processed_transcript;processed_transcript;processed_transcript;processed_transcript;protein_coding;protein_coding;protein_coding;protein_coding;retained_intron,-519,N_Shore,Promoter,DISP1,0
cg03337084,-0.0674679847962573,-0.00728166044406037,-0.342362785532552,-2.42382955878356,0.0182509417170385,0.98583812393876,-3.13203933117191,0.0154079953426083,-0.0679087695168692,0.0280308434404513,0.88322803955805,chr6,31678283,31678285,LY6G5C,nonsense_mediated_decay;processed_transcript;processed_transcript;protein_coding;protein_coding;retained_intron,2081,N_Shelf,Gene body,LY6G5C,0
cg14907310,0.124117549334798,0.00179912996115139,3.10291553107895,2.4534815198971,0.0169361668184016,0.98583812393876,-3.07772780871912,0.015493227368921,0.123316459406568,0.0509437494311219,0.88322803955805,chr11,2266503,2266505,,,,N_Shelf,Intergenic,ASCL2,0
cg16582419,0.356693077624253,0.0529014867445556,1.54370416030108,2.45341718544627,0.016938924826499,0.98583812393876,-3.07784621262033,0.0154959500908252,0.354390818786928,0.146407654373417,0.88322803955805,chr6,30071220,30071222,RNF39,protein_coding;protein_coding,4549,Island,Gene body,HLA-K;POLR1H;PPP1R11,0
cg02452966,0.716280064677431,0.0576627812240901,-2.49042224344614,2.45044200675804,0.0170669120190044,0.98583812393876,-3.08331917407873,0.0156223246113732,0.711651255193613,0.294360098908214,0.88322803955805,chr19,38565575,38565577,RYR1,nonsense_mediated_decay;protein_coding;protein_coding;protein_coding;protein_coding,177,Island,Promoter,RYR1,0
cg14328115,0.146807284890157,0.0063744826763043,-4.08894788206794,2.44980758137315,0.0170943160624305,0.98583812393876,-3.08448554482925,0.0156493896398202,0.145858327956975,0.0603470628219739,0.88322803955805,chr11,2533331,2533333,KCNQ1,protein_coding;protein_coding;protein_coding;protein_coding,71891,S_Shore,Gene body,C11orf21;TSPAN32,0.008591489
cg10501602,0.293305617946952,0.0244903937243321,-0.625322075299267,2.44612554203729,0.0172541438479657,0.98583812393876,-3.09125013088451,0.0158072839394521,0.291406847298315,0.12074861103935,0.883351850852654,chr7,151008783,151008785,NOS3,processed_transcript;protein_coding;protein_coding;protein_coding,-90,Island,Promoter,ASIC3;NOS3,0
cg17250082,0.468770094814528,0.0722674677975685,-1.16986239641976,2.44538701673192,0.0172863624473708,0.98583812393876,-3.09260596711654,0.0158391217660679,0.465734504442361,0.193042441111449,0.883399602576945,chr6,31308097,31308099,ENSG00000229836,unprocessed_pseudogene,452,N_Shore,Promoter,HLA-C,6.07e-05
cg00498211,-0.30771399289282,-0.0260718782030702,-1.81158939775818,-2.41241930369999,0.0187807797392363,0.98583812393876,-3.15279869289382,0.015895162395379,-0.309733871741435,0.128450250488737,0.883399602576945,chr2,64990433,64990435,LINC02245;SLC1A4,lncRNA;lncRNA;processed_transcript;processed_transcript;protein_coding;protein_coding,1035,S_Shore,Promoter,SLC1A4,0
cg21786289,0.167811404093682,0.00475816131468465,4.8624321589043,2.44384670407556,0.0173537333986205,0.98583812393876,-3.09543273576096,0.0159057061684886,0.166724031502892,0.0691493362373542,0.883399602576945,chr1,919585,919587,LINC02593,lncRNA;retained_intron;retained_intron,107,Island,Promoter,HES4;NOC2L,0.020708114
cg21022002,-0.213228302642302,-0.005616966040289,-2.00113272868937,-2.41170306611251,0.0188144934416293,0.98583812393876,-3.15409918072979,0.0159261894577617,-0.21462837952562,0.0890351549990156,0.883450555232146,chr17,79082916,79082918,ENGASE,nonsense_mediated_decay;processed_transcript;protein_coding;retained_intron;retained_intron;retained_intron,-169,OpenSea,Promoter,ENGASE,0
cg05642789,0.340349288633721,0.0521259561789559,-1.37120032539674,2.44234374594925,0.0174196976847879,0.98583812393876,-3.09818958990724,0.0159709129419541,0.338142560003712,0.140332597412794,0.883641761408884,chr1,1629101,1629103,MIB2,nonsense_mediated_decay;nonsense_mediated_decay;nonsense_mediated_decay;protein_coding;protein_coding;protein_coding;protein_coding;protein_coding;protein_coding;protein_coding;protein_coding;protein_coding;retained_intron;retained_intron;retained_intron;retained_intron;retained_intron;retained_intron;retained_intron,-4,Island,Promoter,CDK11B;FNDC10;MIB2;MMP23A;MMP23B;SLC35E2B,0
