sample	mean_detP	frac_detP_fail	mMed	uMed	xMed	yMed	predicted_sex	reported_sex	slide	array_pos	qc_pass
GSM3853168	0.000163536482342049	0.0005945248303584	11.9311068330293	11.0593444608244	12.3899001727731	12.6797000057692	M	M	200932680028	R01C01	TRUE
GSM3853169	0.000180835649722224	0.000574899738870841	12.0566377151132	11.1350679457778	12.4459201213823	12.6553071015105	M	M	200932680028	R02C01	TRUE
GSM3853170	0.000170591463274914	0.000576054156017168	12.0738068471785	11.047123912114	12.4518550226523	12.7488217946147	M	M	200932680028	R03C01	TRUE
GSM3853171	0.000170264739636447	0.000527568635871435	12.1199137854523	10.9410476063406	12.454042174558	12.7496599616918	M	M	200932680028	R04C01	TRUE
GSM3853172	0.000286744921353119	0.00127678536383765	11.9173720794768	10.9314762338868	12.3496958360827	12.6575417597034	M	M	200932680028	R05C01	TRUE
GSM3853173	0.000169624206484288	0.000551811395944302	12.1671044823799	11.0223678130285	12.5148373087343	12.8053408284164	M	M	200932680028	R06C01	TRUE
GSM3853174	0.000154152952758752	0.000536803973042051	12.12153351734	11.0327345285867	12.5148373087343	12.8119766943703	M	M	200932680028	R07C01	TRUE
GSM3853175	0.000162621095723124	0.000604914584675343	12.2018176166679	11.1541852092653	12.5427900412952	12.8354583182366	M	M	200932680028	R08C01	TRUE
GSM3853215	0.000278831673057617	0.00110477720903493	11.677719641641	11.0112272554233	12.2807707701306	12.5639112445817	M	M	200934330012	R01C01	TRUE
GSM3853216	0.00025304602284333	0.000931614637085882	11.8525295094042	11.1350679457778	12.3799198176465	12.7105912185068	M	M	200934330012	R02C01	TRUE
GSM3853217	0.000201029470367461	0.00072497396789335	12.0265234425198	11.116993677547	12.4603278956846	12.7521715451624	M	M	200934330012	R03C01	TRUE
GSM3853218	0.000281844560630109	0.000896982122696072	12.1186166893515	11.2502984179063	12.543394377301	12.8121773055144	M	M	200934330012	R04C01	TRUE
GSM3853219	0.000209469093960132	0.000709966544991099	12.1617617433047	11.1630206395808	12.5864879778588	12.8726748802706	M	M	200934330012	R05C01	TRUE
GSM3853220	0.000169061096064235	0.000631466179040864	12.1068900450922	11.1006623390052	12.5234394341849	12.7799245019679	M	M	200934330012	R06C01	TRUE
GSM3853221	0.000163450397913212	0.000597988081797381	12.0950673016071	11.1039434298916	12.5364900731992	12.8560363998192	M	M	200934330012	R07C01	TRUE
GSM3853222	0.000215406590474401	0.000798856665258278	12.0593444608244	11.0967151544885	12.4976023867835	12.8320988460391	M	M	200934330012	R08C01	TRUE
GSM3853223	0.000150417888727217	0.000596833664651054	11.9181178510318	11.1344263202209	12.3816781235865	12.6434052771157	M	M	200934330030	R01C01	TRUE
GSM3853224	0.000180505525135469	0.000647628019089442	11.9975323475264	11.1786648510065	12.4589192069676	12.7364019313183	M	M	200934330030	R02C01	TRUE
GSM3853225	0.000129452357891411	0.000513715630115511	12.1808415655667	11.334831928118	12.6099866750892	12.8697866009458	M	M	200934330030	R03C01	TRUE
GSM3853226	0.00104279204559009	0.00598334406941279	11.4858293087019	10.8289298276515	12.1499058492931	12.5738838306565	M	M	200934330030	R04C01	TRUE
GSM3853227	0.000143585426207351	0.000504480292944895	12.3545248894494	11.1267044728432	12.6566483117474	12.9399464524587	M	M	200934330030	R05C01	TRUE
GSM3853228	0.000143110640388069	0.000524105384432454	12.357002092265	11.2556187498396	12.6949019473266	12.9545598469998	M	M	200934330030	R06C01	TRUE
GSM3853229	0.000180079078865283	0.000690341453503541	12.1761731491075	11.3325960577892	12.6322000377107	12.9227702092747	M	M	200934330030	R07C01	TRUE
GSM3853230	0.000146831065531733	0.000542576058773686	12.266200912499	11.2348174311173	12.6572067772348	12.9806751323224	M	M	200934330030	R08C01	TRUE
GSM3853231	0.000127720626317904	0.000417899006970371	11.9225844027137	11.1854949242109	12.4160057805593	12.7013064619586	M	M	200934330051	R01C01	TRUE
GSM3853232	0.000144717188850864	0.000540267224481032	11.9458095849008	11.0654161346765	12.3987436919382	12.6958807502576	M	M	200934330051	R02C01	TRUE
GSM3853233	0.000162812567772443	0.000607223418967997	12.0717975222842	11.0566377151132	12.4610956950919	12.7429409506666	M	M	200934330051	R03C01	TRUE
GSM3853234	0.000146170674397184	0.000520642132993473	12.1324997296285	11.1344263202209	12.518161355757	12.7887183326905	M	M	200934330051	R04C01	TRUE
GSM3853235	0.000190827221875948	0.000734209305063966	11.9772799234999	10.9722618487333	12.4399607044659	12.7418882727353	M	M	200934330051	R05C01	TRUE
GSM3853236	0.000156304800613394	0.000524105384432454	12.1623913287569	11.1592406504117	12.5435152161522	12.8023144059915	M	M	200934330051	R06C01	TRUE
GSM3853237	0.000154270492786264	0.000535649555895724	12.2848241002246	11.2366122002158	12.647233549977	12.929258408637	M	M	200934330051	R07C01	TRUE
GSM3853238	0.00017865933811644	0.000571436487431861	12.2538474849874	11.3066313617125	12.6350378711833	12.9117664706596	M	M	200934330051	R08C01	TRUE
GSM3853247	0.000245139258043061	0.000850805436842992	11.8692082505508	10.9490971557292	12.2492616189914	12.4890953154135	M	M	201004820114	R01C01	TRUE
GSM3853248	0.000438817783960796	0.00185399393700115	11.266200912499	10.2772874001304	11.669992262632	12.0914353863236	M	M	201004820114	R02C01	TRUE
GSM3853249	0.00033847346146086	0.00130218254105685	11.7561392983729	10.8556471660273	12.2247553861291	12.5260101070617	M	M	201004820114	R03C01	TRUE
GSM3853250	0.000291975892535336	0.00113017438625412	11.9509203520301	10.9992953870234	12.3454052200817	12.642051692928	M	M	201004820114	R04C01	TRUE
GSM3853251	0.000259116544102503	0.000966247151475691	11.9177450134432	10.967226258836	12.3318966303086	12.6582114827518	M	M	201004820114	R05C01	TRUE
GSM3853252	0.000318920350294367	0.0012490793523258	12.0042204663182	11.0299773465896	12.3974072443754	12.7181047131218	M	M	201004820114	R06C01	TRUE
GSM3853253	0.000300702101804945	0.0011590348149123	12.0828143376723	11.2567983860794	12.4572526053067	12.780539767472	M	M	201004820114	R07C01	TRUE
GSM3853254	0.000388721067203332	0.00158386032476063	12.1218572456127	11.1195896207411	12.5087851620645	12.8366421490258	M	M	201004820114	R08C01	TRUE
GSM3853328	0.000270776555969341	0.000658017773406385	12.0714623625566	11.1611318829843	12.5106405542563	12.8117760553267	M	M	201114400024	R01C01	TRUE
GSM3853329	0.000334686787196829	0.000873893779769532	12.1567151442247	11.2149261879424	13.1507785881989	8.92777796208234	F	F	201114400024	R02C01	TRUE
GSM3853330	0.000318969104301554	0.000835798013940741	12.2393001743642	11.3247431104944	13.2378074737231	9.00842862207058	F	F	201114400024	R03C01	TRUE
GSM3853331	0.000310173594028453	0.000808092002428894	12.3066313617125	11.2467405984931	13.2840288068311	9.00281501560705	F	F	201114400024	R04C01	TRUE
GSM3853332	0.000311863533844117	0.000830025928209107	12.4724370000513	11.2767060198924	13.3925186760206	9.14720492494223	F	F	201114400024	R05C01	TRUE
GSM3853333	0.000299021983243988	0.000790775745233989	12.4535278676818	11.2390017577656	13.378227107847	9.14210705730255	F	F	201114400024	R06C01	TRUE
GSM3853334	0.000359992873369732	0.000909680711305669	12.4630134134497	11.2749604721406	13.3866708596376	9.19475685442225	F	F	201114400024	R07C01	TRUE
GSM3853335	0.000213305589968008	0.000643010350504134	12.4048754550152	11.2888660741658	12.7457793465721	13.0593444608244	M	M	201114400024	R08C01	TRUE
GSM3853390	0.000367086213031447	0.00101588708876775	11.9545598469998	11.1111356702347	13.028424102615	8.78463484555752	F	F	201114410014	R01C01	TRUE
GSM3853391	0.000348662337971022	0.000861195191159935	12.0841440106151	11.0396045179538	13.0304085011968	8.61102479730735	F	F	201114410014	R02C01	TRUE
GSM3853392	0.00033753323936982	0.000848496602550338	12.2194710673944	11.1586096882145	13.1601865766007	8.64745842645492	F	F	201114410014	R03C01	TRUE
GSM3853393	0.000327189564792486	0.00087851144835484	12.2342186782385	11.1811522568656	13.197063076005	8.82654848729091	F	F	201114410014	R04C01	TRUE
GSM3853394	0.000478578818153617	0.00185745718844013	11.8668925276766	11.0430272835945	13.0396901632468	8.98584193700334	F	F	201114410014	R05C01	TRUE
GSM3853395	0.000352263652560485	0.000930460219939555	12.2839564876651	11.1414685553931	13.2596697130896	9.02236781302845	F	F	201114410014	R06C01	TRUE
GSM3853396	0.000354993015192949	0.000925842551354247	12.4795276692563	11.357002092265	13.3944626946103	9.12153351734003	F	F	201114410014	R07C01	TRUE
GSM3853397	0.00106930229597069	0.00535649555895724	11.7155330635266	10.843921051289	12.9114856146228	9.17990909001493	F	F	201114410014	R08C01	TRUE
GSM3853432	0.000339108116487486	0.000879665865501167	12.1885888457073	11.8033239190415	13.4205524021934	9.12412131182919	F	F	201114410031	R01C01	TRUE
GSM3853433	0.000355033219756077	0.000886592368379129	12.2505945071923	11.8129794712515	13.4829339672992	8.97154355395077	F	F	201114410031	R02C01	TRUE
GSM3853434	0.0003341449306354	0.000911989545598323	12.2656150464845	11.8505775472056	13.509465739633	9.04712391211403	F	F	201114410031	R03C01	TRUE
GSM3853435	0.000335328802263291	0.000883129116940148	12.3398500028846	11.8113746935099	13.5357613779867	9.0389189892923	F	F	201114410031	R04C01	TRUE
GSM3853436	0.000326197139011528	0.000868121694037897	12.4906002130196	11.8933015308606	13.6757916768628	9.15228484230658	F	F	201114410031	R05C01	TRUE
GSM3853437	0.000356296744278071	0.000870430528330551	12.5372184005386	11.8587580999354	13.686774069508	9.19967234483636	F	F	201114410031	R06C01	TRUE
GSM3853438	0.000342114956608941	0.000885437951232802	12.5978197886455	11.8963324039099	13.7542611814023	9.29232163280204	F	F	201114410031	R07C01	TRUE
GSM3853439	0.000386813413997477	0.000921224882768939	12.634357301138	11.8963324039099	13.7605120513573	9.46964181723952	F	F	201114410031	R08C01	TRUE
GSM3853547	0.000359522775672753	0.000896982122696072	12.3545248894494	11.8427431807317	13.5266826196238	9.39446269461032	F	F	201114420030	R01C01	TRUE
GSM3853548	0.000380240946431104	0.000954702980012422	12.477252323938	11.8895039634115	13.647345988216	9.38154295118458	F	F	201114420030	R02C01	TRUE
GSM3853549	0.000338755633876883	0.000876202614062186	12.5849625007212	11.9675865272961	13.7260584651436	9.60547951806167	F	F	201114420030	R03C01	TRUE
GSM3853550	0.000348876832229904	0.000833489179648088	12.6476832678862	11.88378880326	13.7517009552476	9.46964181723952	F	F	201114420030	R04C01	TRUE
GSM3853551	0.000359628006584023	0.000891210036964437	12.6577650352654	11.8925428166486	13.7782311447812	9.48784003382305	F	F	201114420030	R05C01	TRUE
GSM3853552	0.000361773384896638	0.000880820282647494	12.7821791938312	11.911017407797	13.8173834278972	9.41996017784789	F	F	201114420030	R06C01	TRUE
GSM3853553	0.000324222989706837	0.000815018505306856	12.7679775016039	11.9035053104239	13.8428904663174	9.49185309632967	F	F	201114420030	R07C01	TRUE
GSM3853554	0.000373325342754506	0.00102974009452368	12.7118820283521	11.9783529581651	13.8476935662416	9.86263735755879	F	F	201114420030	R08C01	TRUE
GSM3853588	0.000334169653255054	0.000906217459866688	11.9968265280207	11.3503867423128	13.0987723249462	9.40087943628218	F	F	201125090038	R01C01	TRUE
GSM3853589	0.000378097869445524	0.00108284328325472	12.0478055540076	11.2532565797812	13.1153688378202	9.34651373316563	F	F	201125090038	R02C01	TRUE
GSM3853590	0.000355937369292133	0.000958166231451403	12.0824817278631	11.3944626946103	13.1719586190771	9.30606168942834	F	F	201125090038	R03C01	TRUE
GSM3853591	0.000340304427927319	0.000894673288403418	12.2324209271761	11.5901191741072	13.3296562027136	9.33315535031062	F	F	201125090038	R04C01	TRUE
GSM3853592	0.000333568103683902	0.000903908625574034	12.2354159356025	11.5132341138061	13.3283243058824	9.43045255166553	F	F	201125090038	R05C01	TRUE
GSM3853593	0.00048606384436631	0.00180089074827011	11.9494619793602	11.4225904338926	13.1809192258442	9.57364718749332	F	F	201125090038	R06C01	TRUE
GSM3853594	0.00038358838404815	0.000932769054232209	12.4083297407674	11.5769566647061	13.4596877562395	9.46352437327118	F	F	201125090038	R07C01	TRUE
GSM3853595	0.000372765983042555	0.000987026660109577	12.4382720561248	11.7116669735643	13.5467739088083	9.71596199025514	F	F	201125090038	R08C01	TRUE
GSM3853720	0.00038736606428437	0.000905063042720361	12.103287808412	11.6595499968799	13.2848241002246	9.13185696060879	F	F	201220980045	R01C01	TRUE
GSM3853721	0.000402769972868264	0.000983563408670596	12.1260591160707	11.6352646565395	13.320024847774	9.31061278165953	F	F	201220980045	R02C01	TRUE
GSM3853722	0.000409346238104219	0.00100665175159714	12.286557761608	11.9095181142966	13.4738325632301	9.52160043972373	F	F	201220980045	R03C01	TRUE
GSM3853723	0.000244665490715848	0.000604914584675343	12.3020676725265	11.7870863245516	12.8874110325532	13.1642784383012	M	M	201220980045	R04C01	TRUE
GSM3853724	0.000269402566887744	0.000896982122696072	12.3292357417338	11.8967108157261	12.9475456223595	13.2526654324502	M	M	201220980045	R05C01	TRUE
GSM3853725	0.000271775764772606	0.000728437219332331	12.4721831161895	11.7279204545632	13.0135843841752	13.3244618559773	M	M	201220980045	R06C01	TRUE
GSM3853726	0.000317512001718614	0.000990489911548558	12.2033480029798	11.580729651599	12.8401878106258	13.1505406375055	M	M	201220980045	R07C01	TRUE
GSM3853727	0.000296640075163875	0.000851959853989319	12.4377520723236	11.6452080827747	12.9754897569458	13.272921326867	M	M	201220980045	R08C01	TRUE
GSM3853874	0.000371336923643153	0.000984717825816923	11.894059846274	11.403544678202	13.0830637423211	9.28771237954945	F	F	201228780138	R01C01	TRUE
GSM3853875	0.000389208258967264	0.0010435931002796	12.0199381564248	11.3810021095509	13.1411491984375	9.21916852046216	F	F	201228780138	R02C01	TRUE
GSM3853876	0.00036339216151927	0.000983563408670596	12.2594490462857	11.5230718269404	13.3243915320659	9.27379559921426	F	F	201228780138	R03C01	TRUE
GSM3853877	0.000353951748730399	0.000972019237207326	12.2822196956726	11.7155330635266	13.4077988441147	9.39016895620018	F	F	201228780138	R04C01	TRUE
GSM3853878	0.000353886540638456	0.00103551218025531	12.326710358347	11.5745935273376	13.3955341354623	9.52160043972373	F	F	201228780138	R05C01	TRUE
GSM3853879	0.00038918419697888	0.00104821076886491	12.3384578431308	11.4367115421372	13.3901689499418	9.37068740680722	F	F	201228780138	R06C01	TRUE
GSM3853880	0.000387994857373523	0.000998570831572847	12.6080237504565	11.6438561897747	13.5813771399728	9.51963625284321	F	F	201228780138	R07C01	TRUE
GSM3853881	0.000391647433066121	0.00109785070615697	12.4408691676109	11.6834332928354	13.5410966153495	9.54882190845875	F	F	201228780138	R08C01	TRUE
